data,dia_semana,nome_feriado,feriado_destacado,temp_max,temp_min,temp_media,umid_max,umid_min,umid_mediana,rad_min,rad_max,rad_mediana,vento_raj_max,vento_vel_media,precipitacao_total,temp_inst_faltantes_pct,umidade_faltantes_pct,radiacao_faltantes_pct,vento_vel_faltantes_pct,precipitacao_faltantes_pct,valor_total,valor_medio,num_pedidos,quebra_de_caixa,mes_origem
2022-01-01,Saturday,Confraternização Universal,True,37.2,19.7,28.13,88.0,29.0,57.0,11.9,3753.0,2199.5,9.9,1.9,0.0,0.0%,0.0%,37.5%,0.0%,0.0%,0.0,#DIV/0!,0.0,0.0,01. JANEIRO
2022-01-02,Sunday,,False,37.1,19.6,25.78,95.0,37.0,74.0,8.7,3066.1,911.5,16.2,1.64,10.0,0.0%,4.17%,37.5%,0.0%,0.0%,0.0,#DIV/0!,0.0,0.0,01. JANEIRO
2022-01-03,Monday,,False,34.1,22.1,27.2,95.0,40.0,72.0,3.8,3494.6,1532.8,8.4,1.97,0.0,0.0%,0.0%,37.5%,0.0%,0.0%,356.0,27.3846153846154,13.0,11.0,01. JANEIRO
2022-01-04,Tuesday,,False,29.0,21.2,24.71,99.0,59.0,87.5,4.6,2061.2,479.8,8.4,1.82,14.2,0.0%,0.0%,37.5%,0.0%,0.0%,223.0,18.5833333333333,12.0,9.0,01. JANEIRO
2022-01-05,Wednesday,,False,27.0,21.0,23.51,99.0,61.0,96.0,1.9,2958.7,490.0,9.3,2.03,0.4,4.17%,4.17%,37.5%,4.17%,4.17%,460.5,27.0882352941177,17.0,12.0,01. JANEIRO
2022-01-06,Thursday,,False,28.0,14.8,22.0,97.0,42.0,65.0,6.2,3516.0,2312.9,10.5,2.91,0.0,0.0%,4.17%,37.5%,0.0%,0.0%,440.5,31.4642857142857,14.0,-10.0,01. JANEIRO
2022-01-07,Friday,,False,28.6,15.5,21.78,96.0,41.0,70.5,7.4,3844.0,2327.9,11.3,3.03,0.0,0.0%,0.0%,37.5%,0.0%,0.0%,851.0,32.7307692307692,26.0,70.0,01. JANEIRO
2022-01-08,Saturday,,False,29.8,16.3,22.83,95.0,45.0,66.0,6.6,3752.2,2271.1,11.3,3.42,0.0,0.0%,0.0%,37.5%,0.0%,0.0%,1080.5,31.7794117647059,34.0,0.0,01. JANEIRO
2022-01-09,Sunday,,False,30.1,17.3,23.68,87.0,37.0,64.0,5.4,3844.6,2338.7,11.0,3.24,0.0,0.0%,0.0%,37.5%,0.0%,0.0%,1904.5,33.4122807017544,57.0,55.5,01. JANEIRO
2022-01-10,Monday,,False,32.9,16.7,24.91,98.0,32.0,65.0,5.7,3896.6,2294.7,8.6,2.06,0.0,0.0%,0.0%,37.5%,0.0%,0.0%,533.0,25.3809523809524,21.0,22.0,01. JANEIRO
2022-01-11,Tuesday,,False,35.0,19.2,26.2,98.0,25.0,67.0,2.9,3854.4,2314.1,6.6,1.72,0.0,0.0%,0.0%,37.5%,0.0%,0.0%,587.5,23.5,25.0,22.0,01. JANEIRO
2022-01-12,Wednesday,,False,36.8,16.7,26.94,98.0,15.0,70.0,5.1,3813.1,2316.4,5.6,1.48,0.0,0.0%,0.0%,37.5%,0.0%,0.0%,1072.5,35.75,30.0,68.0,01. JANEIRO
2022-01-13,Thursday,,False,37.7,17.9,27.88,89.0,21.0,55.5,2.9,3751.0,2250.1,7.2,2.15,0.0,0.0%,0.0%,37.5%,0.0%,0.0%,774.0,30.96,25.0,27.5,01. JANEIRO
2022-01-14,Friday,,False,38.9,19.3,27.87,97.0,29.0,74.0,2.8,3252.8,1752.25,11.7,1.87,5.4,4.17%,4.17%,41.67%,4.17%,4.17%,1213.0,28.8809523809524,42.0,-258.0,01. JANEIRO
2022-01-15,Saturday,,False,36.3,25.4,30.58,89.0,42.0,61.0,3.0,2964.7,1351.9,8.8,1.62,1.8,0.0%,0.0%,37.5%,0.0%,0.0%,1538.5,40.4868421052632,38.0,-65.0,01. JANEIRO
2022-01-16,Sunday,,False,40.2,28.2,33.42,65.0,28.0,52.5,5.1,3786.1,1968.2,14.5,3.7,0.0,0.0%,0.0%,37.5%,0.0%,0.0%,2907.0,42.1304347826087,69.0,11.5,01. JANEIRO
2022-01-17,Monday,,False,35.8,23.4,29.62,98.0,43.0,60.0,7.5,2844.9,1365.8,12.3,2.78,7.2,0.0%,0.0%,41.67%,0.0%,0.0%,741.0,29.64,25.0,0.5,01. JANEIRO
2022-01-18,Tuesday,,False,33.9,22.6,27.99,99.0,48.0,73.0,2.2,3440.3,2080.4,9.3,2.64,4.6,8.33%,8.33%,37.5%,8.33%,8.33%,453.0,26.6470588235294,17.0,20.0,01. JANEIRO
2022-01-19,Wednesday,,False,37.0,23.1,29.66,98.0,38.0,62.5,0.1,3381.0,1978.8,6.5,2.18,0.0,0.0%,0.0%,37.5%,0.0%,0.0%,810.5,32.42,25.0,14.0,01. JANEIRO
2022-01-20,Thursday,,False,38.6,23.5,30.51,94.0,37.0,62.0,31.9,3343.3,1970.6,6.0,1.26,0.0,0.0%,0.0%,41.67%,0.0%,0.0%,962.5,31.0483870967742,31.0,20.0,01. JANEIRO
2022-01-21,Friday,,False,38.0,23.3,27.66,96.0,41.0,81.5,20.0,3501.4,692.6,15.4,2.18,35.4,0.0%,0.0%,41.67%,0.0%,0.0%,948.45,36.4788461538462,26.0,61.0,01. JANEIRO
2022-01-22,Saturday,,False,39.5,23.9,30.5,98.0,34.0,68.5,44.3,3280.6,2004.0,9.5,1.57,0.0,0.0%,0.0%,41.67%,0.0%,0.0%,1462.5,39.527027027027,37.0,24.0,01. JANEIRO
2022-01-23,Sunday,,False,39.3,24.7,29.69,96.0,35.0,70.0,34.3,3220.0,1671.35,13.2,1.81,16.6,0.0%,0.0%,41.67%,0.0%,0.0%,1997.5,47.5595238095238,42.0,92.0,01. JANEIRO
2022-01-24,Monday,,False,35.6,23.3,28.85,99.0,47.0,76.0,29.3,3508.0,2100.5,10.9,1.98,0.0,0.0%,0.0%,41.67%,0.0%,0.0%,969.5,33.4310344827586,29.0,-13.0,01. JANEIRO
2022-01-25,Tuesday,,False,35.6,22.7,28.73,94.0,46.0,72.0,8.3,3488.7,2248.45,13.9,2.02,0.0,0.0%,0.0%,41.67%,0.0%,0.0%,937.0,0,32.0,-21.0,01. JANEIRO
2022-01-26,Wednesday,,False,35.9,21.9,28.47,99.0,46.0,85.0,18.0,3510.3,1232.35,12.5,1.48,28.6,0.0%,0.0%,41.67%,0.0%,0.0%,548.0,27.4,20.0,0.0,01. JANEIRO
2022-01-27,Thursday,,False,24.5,20.4,23.13,99.0,77.0,95.0,0.4,1138.6,425.6,10.2,1.75,11.8,0.0%,0.0%,33.33%,0.0%,0.0%,108.0,21.6,5.0,14.0,01. JANEIRO
2022-01-28,Friday,,False,27.0,15.8,21.4,96.0,50.0,73.0,30.4,3708.9,2289.05,10.4,2.54,0.0,0.0%,0.0%,41.67%,0.0%,0.0%,846.5,84.65,10.0,103.2,01. JANEIRO
2022-01-29,Saturday,,False,27.2,15.3,21.29,95.0,43.0,77.0,29.9,3770.6,2295.55,11.6,2.72,0.0,0.0%,0.0%,41.67%,0.0%,0.0%,884.5,36.8541666666667,24.0,36.25,01. JANEIRO
2022-01-30,Sunday,,False,29.4,17.3,22.58,92.0,54.0,73.5,26.4,3725.9,1878.2,8.8,2.6,0.0,0.0%,0.0%,41.67%,0.0%,0.0%,1215.5,25.8617021276596,47.0,0.0,01. JANEIRO
2022-01-31,Monday,,False,33.7,17.6,25.54,99.0,30.0,74.5,29.0,3793.6,2344.7,6.7,1.42,0.0,0.0%,0.0%,41.67%,0.0%,0.0%,795.0,27.4137931034483,29.0,0.0,01. JANEIRO
2022-02-01,Tuesday,,False,32.9,19.3,25.63,91.0,41.0,70.0,28.5,3680.4,2367.1,10.5,2.27,0.0,0.0%,0.0%,41.67%,0.0%,0.0%,630.0,31.5,20.0,16.5,02. FEVEREIRO
2022-02-02,Wednesday,Nossa Senhora dos Navegantes,True,35.7,18.5,26.26,99.0,29.0,81.0,23.9,3652.0,2280.65,5.3,1.59,0.0,0.0%,0.0%,41.67%,0.0%,0.0%,818.0,29.2142857142857,28.0,-49.0,02. FEVEREIRO
2022-02-03,Thursday,,False,35.7,21.1,26.31,98.0,43.0,76.0,13.1,2861.6,774.1,15.2,2.15,6.6,0.0%,0.0%,41.67%,0.0%,0.0%,594.5,29.725,20.0,-33.0,02. FEVEREIRO
2022-02-04,Friday,,False,29.9,21.0,24.47,99.0,69.0,91.0,26.8,2375.5,877.35,5.9,1.41,7.0,0.0%,0.0%,41.67%,0.0%,0.0%,502.5,25.125,20.0,0.0,02. FEVEREIRO
2022-02-05,Saturday,,False,30.0,22.4,25.04,100.0,65.0,93.0,26.3,1880.4,875.1,6.7,1.25,1.8,0.0%,0.0%,41.67%,0.0%,0.0%,827.5,33.1,25.0,-20.5,02. FEVEREIRO
2022-02-06,Sunday,,False,27.4,17.0,22.15,99.0,35.0,79.0,25.7,3493.0,1724.85,7.3,1.4,0.0,4.17%,4.17%,41.67%,4.17%,4.17%,1970.0,33.9655172413793,58.0,18.0,02. FEVEREIRO
2022-02-07,Monday,,False,27.6,12.6,19.8,96.0,41.0,67.5,18.4,3653.4,1818.4,8.6,1.19,0.0,0.0%,0.0%,41.67%,0.0%,0.0%,219.0,21.9,10.0,0.0,02. FEVEREIRO
2022-02-08,Tuesday,,False,28.0,12.6,20.52,99.0,36.0,73.0,22.3,3673.3,2313.85,5.6,1.11,0.0,0.0%,4.17%,41.67%,0.0%,0.0%,431.0,23.9444444444444,18.0,66.0,02. FEVEREIRO
2022-02-09,Wednesday,,False,28.9,16.2,22.05,99.0,30.0,75.0,17.9,3752.1,2329.15,6.6,1.88,0.0,0.0%,0.0%,41.67%,0.0%,0.0%,734.0,34.9523809523809,21.0,0.0,02. FEVEREIRO
2022-02-10,Thursday,,False,32.5,16.7,23.9,98.0,34.0,70.5,21.1,3610.5,2224.5,8.1,2.3,0.0,0.0%,0.0%,41.67%,0.0%,0.0%,477.5,29.84375,16.0,20.9,02. FEVEREIRO
2022-02-11,Friday,,False,35.3,19.1,25.38,99.0,37.0,76.5,15.3,3438.4,1378.25,23.8,2.13,16.2,0.0%,0.0%,41.67%,0.0%,0.0%,827.0,28.5172413793103,29.0,15.1,02. FEVEREIRO
2022-02-12,Saturday,,False,28.2,20.3,23.81,96.0,67.0,82.0,37.2,1932.9,673.55,7.7,1.55,0.2,0.0%,0.0%,41.67%,0.0%,0.0%,894.0,35.76,25.0,16.0,02. FEVEREIRO
2022-02-13,Sunday,,False,28.3,18.5,22.43,98.0,36.0,91.5,7.6,3528.7,151.65,5.1,1.34,0.2,0.0%,0.0%,0.0%,0.0%,0.0%,1499.0,34.0681818181818,44.0,5.0,02. FEVEREIRO
2022-02-14,Monday,,False,29.6,10.4,19.75,99.0,27.0,69.5,9.7,3657.4,2289.6,5.6,0.88,0.0,0.0%,0.0%,41.67%,0.0%,0.0%,442.0,29.4666666666667,15.0,20.0,02. FEVEREIRO
2022-02-15,Tuesday,,False,31.4,12.4,21.81,98.0,29.0,57.0,8.7,3638.5,2257.2,7.5,1.48,0.0,0.0%,4.17%,41.67%,0.0%,0.0%,492.5,28.9705882352941,17.0,30.0,02. FEVEREIRO
2022-02-16,Wednesday,Aniversário de Agudo,True,33.4,16.0,24.35,98.0,41.0,66.0,9.9,3536.4,2180.2,6.8,1.9,0.0,0.0%,0.0%,41.67%,0.0%,0.0%,453.5,28.34375,16.0,52.0,02. FEVEREIRO
2022-02-17,Thursday,,False,33.3,17.7,24.38,98.0,26.0,73.0,8.4,3559.1,1695.95,6.6,1.78,0.0,0.0%,0.0%,41.67%,0.0%,0.0%,309.5,28.1363636363636,11.0,-2.0,02. FEVEREIRO
2022-02-18,Friday,,False,32.0,18.6,24.66,97.0,34.0,64.0,6.2,3526.0,1958.45,7.6,2.17,0.0,0.0%,4.17%,41.67%,0.0%,0.0%,592.0,31.1578947368421,19.0,0.0,02. FEVEREIRO
2022-02-19,Saturday,,False,32.7,17.3,24.3,99.0,33.0,74.5,6.7,3520.6,2170.45,10.0,2.14,0.0,0.0%,0.0%,41.67%,0.0%,0.0%,746.0,41.4444444444444,18.0,0.0,02. FEVEREIRO
2022-02-20,Sunday,,False,30.8,16.9,22.71,98.0,53.0,76.5,1.9,1792.8,695.85,10.5,1.86,0.6,0.0%,0.0%,41.67%,0.0%,0.0%,804.5,29.7962962962963,27.0,0.0,02. FEVEREIRO
2022-02-21,Monday,,False,33.2,20.7,25.88,95.0,42.0,76.0,0.6,2732.4,1418.15,12.9,1.74,1.8,0.0%,0.0%,41.67%,0.0%,0.0%,613.5,23.5961538461538,26.0,0.0,02. FEVEREIRO
2022-02-22,Tuesday,,False,31.6,20.4,25.33,95.0,49.0,75.0,4.6,2805.1,1250.5,5.1,1.17,0.0,4.17%,4.17%,41.67%,4.17%,4.17%,428.0,25.1764705882353,17.0,28.0,02. FEVEREIRO
2022-02-23,Wednesday,,False,31.3,20.6,24.63,99.0,47.0,88.0,3.3,3270.7,1773.75,6.8,1.83,0.0,0.0%,0.0%,41.67%,0.0%,0.0%,640.5,32.025,20.0,0.0,02. FEVEREIRO
2022-02-24,Thursday,,False,33.8,18.6,25.19,98.0,47.0,79.5,58.5,3489.0,2226.9,8.8,2.5,0.0,0.0%,0.0%,45.83%,0.0%,0.0%,484.0,24.2,20.0,24.0,02. FEVEREIRO
2022-02-25,Friday,,False,33.2,21.4,26.71,99.0,52.0,72.5,4.8,3115.7,1782.35,8.9,1.85,6.0,0.0%,0.0%,41.67%,0.0%,0.0%,730.0,40.5555555555556,18.0,61.0,02. FEVEREIRO
2022-02-26,Saturday,,False,35.4,22.3,28.17,99.0,48.0,84.0,1.7,3383.2,2022.45,6.7,1.75,0.0,0.0%,0.0%,41.67%,0.0%,0.0%,671.5,19.1857142857143,35.0,80.0,02. FEVEREIRO
2022-02-27,Sunday,,False,37.7,21.2,29.17,99.0,36.0,72.0,10.2,2575.6,1182.0,19.8,2.64,15.0,0.0%,0.0%,45.83%,0.0%,0.0%,1477.0,32.8222222222222,45.0,-77.0,02. FEVEREIRO
2022-02-28,Monday,,False,25.4,20.3,21.88,100.0,77.0,96.0,1.2,418.0,199.3,14.0,1.9,42.8,0.0%,0.0%,41.67%,0.0%,0.0%,,#DIV/0!,,,02. FEVEREIRO
2022-03-01,Tuesday,,False,28.8,19.7,23.42,100.0,58.0,83.0,39.5,3120.2,1806.2,8.5,1.59,0.2,4.17%,4.17%,45.83%,4.17%,4.17%,,#DIV/0!,,,02. FEVEREIRO
2022-03-01,Tuesday,,False,28.8,19.7,23.42,100.0,58.0,83.0,39.5,3120.2,1806.2,8.5,1.59,0.2,4.17%,4.17%,45.83%,4.17%,4.17%,317.0,63.4,5.0,-33.0,03. MARÇO
2022-03-02,Wednesday,,False,32.0,18.2,23.88,100.0,33.0,87.5,41.7,3516.9,1970.5,6.3,1.3,0.0,0.0%,0.0%,45.83%,0.0%,0.0%,414.5,27.6333333333333,15.0,0.1,03. MARÇO
2022-03-02,Wednesday,,False,32.0,18.2,23.88,100.0,33.0,87.5,41.7,3516.9,1970.5,6.3,1.3,0.0,0.0%,0.0%,45.83%,0.0%,0.0%,,#DIV/0!,,,02. FEVEREIRO
2022-03-03,Thursday,,False,32.4,16.6,24.08,100.0,36.0,76.5,32.3,3417.3,2171.9,6.5,1.34,0.0,0.0%,0.0%,45.83%,0.0%,0.0%,,#DIV/0!,,,02. FEVEREIRO
2022-03-03,Thursday,,False,32.4,16.6,24.08,100.0,36.0,76.5,32.3,3417.3,2171.9,6.5,1.34,0.0,0.0%,0.0%,45.83%,0.0%,0.0%,571.5,23.8125,24.0,27.5,03. MARÇO
2022-03-04,Friday,,False,33.5,17.0,25.27,100.0,46.0,74.0,31.0,3400.0,2140.1,5.8,1.51,0.0,0.0%,0.0%,45.83%,0.0%,0.0%,736.0,33.4545454545455,22.0,37.0,03. MARÇO
2022-03-05,Saturday,,False,35.1,20.8,26.91,100.0,46.0,85.0,35.4,3096.3,1095.1,6.0,1.35,6.4,4.17%,4.17%,45.83%,4.17%,4.17%,930.0,32.0689655172414,29.0,0.0,03. MARÇO
2022-03-06,Sunday,,False,33.5,21.7,24.29,100.0,61.0,99.0,0.7,2506.3,144.7,14.3,1.65,54.2,0.0%,0.0%,45.83%,0.0%,0.0%,1140.5,45.62,25.0,86.0,03. MARÇO
2022-03-07,Monday,,False,36.2,20.6,25.44,100.0,47.0,77.0,31.6,2910.4,845.5,19.8,2.92,7.0,0.0%,4.17%,45.83%,0.0%,0.0%,386.5,32.2083333333333,12.0,0.0,03. MARÇO
2022-03-08,Tuesday,,False,28.3,19.7,22.73,100.0,63.0,91.5,55.0,2421.4,1535.6,8.4,1.67,0.8,0.0%,0.0%,45.83%,0.0%,0.0%,279.5,34.9375,8.0,64.0,03. MARÇO
2022-03-09,Wednesday,,False,29.3,20.6,24.03,99.0,69.0,92.0,13.1,2924.5,937.3,7.3,1.96,0.0,0.0%,0.0%,45.83%,0.0%,0.0%,395.5,28.25,14.0,11.65,03. MARÇO
2022-03-10,Thursday,,False,25.9,20.7,23.23,100.0,78.0,98.5,1.5,1325.0,370.8,8.6,1.14,17.8,0.0%,0.0%,45.83%,0.0%,0.0%,272.0,22.6666666666667,12.0,0.0,03. MARÇO
2022-03-11,Friday,,False,25.1,19.4,21.48,100.0,62.0,99.5,5.7,2463.6,951.3,7.7,2.19,27.4,0.0%,0.0%,45.83%,0.0%,0.0%,417.5,24.5588235294118,17.0,27.0,03. MARÇO
2022-03-12,Saturday,,False,25.0,12.5,18.9,100.0,47.0,75.0,26.8,3070.0,2100.7,9.0,2.04,0.0,0.0%,0.0%,45.83%,0.0%,0.0%,651.5,40.71875,16.0,10.0,03. MARÇO
2022-03-13,Sunday,,False,19.8,16.2,17.82,100.0,77.0,92.0,24.8,900.7,496.3,6.5,2.56,2.8,0.0%,4.17%,45.83%,0.0%,0.0%,843.5,42.175,20.0,-5.4,03. MARÇO
2022-03-14,Monday,,False,25.6,17.5,19.87,100.0,63.0,99.0,14.8,3275.1,824.9,5.8,1.77,1.2,4.17%,4.17%,45.83%,4.17%,4.17%,343.0,21.4375,16.0,-2.0,03. MARÇO
2022-03-15,Tuesday,Dia do Consumidor,True,27.2,18.9,21.71,100.0,61.0,95.0,14.1,2544.2,1249.5,6.5,1.67,0.0,0.0%,0.0%,45.83%,0.0%,0.0%,305.0,27.7272727272727,11.0,0.0,03. MARÇO
2022-03-16,Wednesday,,False,31.1,19.8,24.13,100.0,49.0,92.0,13.8,3290.8,2159.3,9.2,2.3,0.0,0.0%,0.0%,45.83%,0.0%,0.0%,234.5,21.3181818181818,11.0,0.0,03. MARÇO
2022-03-17,Thursday,,False,30.0,18.0,23.26,100.0,60.0,89.0,0.3,2870.2,1139.15,5.9,1.65,0.0,0.0%,0.0%,33.33%,0.0%,0.0%,440.0,22.0,20.0,-11.0,03. MARÇO
2022-03-18,Friday,,False,34.1,19.8,25.61,100.0,38.0,91.0,18.1,2886.0,1661.3,8.3,1.0,0.0,0.0%,0.0%,45.83%,0.0%,0.0%,702.0,26.0,27.0,26.0,03. MARÇO
2022-03-19,Saturday,Dia de São José,True,25.6,15.2,19.19,100.0,46.0,85.0,3.2,2642.9,1340.0,9.3,1.91,0.6,0.0%,4.17%,45.83%,0.0%,0.0%,615.0,32.3684210526316,19.0,-15.55,03. MARÇO
2022-03-20,Sunday,Aniversário de Pinhal Grande,True,24.0,11.2,17.68,100.0,50.0,69.0,14.4,2740.6,2000.5,9.2,2.5,0.0,0.0%,0.0%,45.83%,0.0%,0.0%,869.5,31.0535714285714,28.0,0.0,03. MARÇO
2022-03-21,Monday,,False,26.0,11.9,18.26,92.0,54.0,71.5,17.3,3175.1,1989.5,10.6,3.11,0.0,0.0%,0.0%,45.83%,0.0%,0.0%,142.5,17.8125,8.0,0.0,03. MARÇO
2022-03-22,Tuesday,,False,29.5,15.7,21.88,96.0,47.0,79.5,15.5,2869.4,1156.3,8.2,2.27,0.0,0.0%,0.0%,45.83%,0.0%,0.0%,575.5,21.3148148148148,27.0,0.0,03. MARÇO
2022-03-23,Wednesday,,False,25.9,20.6,22.94,100.0,69.0,83.0,0.8,1054.4,307.65,8.3,2.4,1.6,0.0%,0.0%,41.67%,0.0%,0.0%,246.0,24.6,10.0,0.0,03. MARÇO
2022-03-24,Thursday,,False,28.7,19.3,22.28,100.0,50.0,90.5,4.1,2664.0,1038.8,11.6,1.84,9.8,0.0%,0.0%,45.83%,0.0%,0.0%,583.5,27.7857142857143,21.0,6.0,03. MARÇO
2022-03-25,Friday,Aniversário de Restinga Seca,True,23.8,16.4,19.58,89.0,48.0,60.0,1.4,3131.6,1949.0,10.6,2.11,0.0,0.0%,0.0%,45.83%,0.0%,0.0%,260.0,32.5,8.0,23.9,03. MARÇO
2022-03-26,Saturday,,False,21.8,15.6,18.17,84.0,61.0,77.0,3.8,2313.6,740.4,9.0,1.94,0.0,0.0%,0.0%,45.83%,0.0%,0.0%,498.5,31.15625,16.0,-14.9,03. MARÇO
2022-03-27,Sunday,,False,27.4,14.1,19.85,100.0,46.0,83.0,9.1,3134.5,1934.3,6.3,0.95,0.0,0.0%,0.0%,45.83%,0.0%,0.0%,1688.0,38.3636363636364,44.0,64.0,03. MARÇO
2022-03-28,Monday,,False,28.8,12.2,20.01,100.0,41.0,80.0,8.3,3098.5,1933.7,6.4,1.18,0.0,0.0%,4.17%,45.83%,0.0%,0.0%,448.0,22.4,20.0,21.5,03. MARÇO
2022-03-29,Tuesday,,False,34.4,14.8,24.27,100.0,44.0,68.0,0.0,3013.8,1471.65,14.1,2.45,3.0,0.0%,4.17%,41.67%,0.0%,0.0%,451.0,21.4761904761905,21.0,0.0,03. MARÇO
2022-03-30,Wednesday,,False,28.4,13.1,19.04,100.0,56.0,78.0,1.6,1483.8,511.0,10.9,1.49,48.2,0.0%,0.0%,45.83%,0.0%,0.0%,71.0,35.5,2.0,0.0,03. MARÇO
2022-03-31,Thursday,Páscoa,True,19.6,6.9,13.05,100.0,36.0,71.5,3.9,3146.3,1972.8,7.2,1.39,0.0,0.0%,0.0%,45.83%,0.0%,0.0%,263.5,32.9375,8.0,0.0,03. MARÇO
2022-04-01,Friday,,False,21.3,6.4,13.09,100.0,46.0,83.5,5.6,3052.9,1904.1,9.7,1.66,0.0,0.0%,0.0%,45.83%,0.0%,0.0%,160.5,17.8333333333333,9.0,0.0,04. ABRIL
2022-04-02,Saturday,,False,25.1,10.4,16.91,99.0,54.0,80.5,5.3,3014.7,1872.1,7.9,1.81,0.0,0.0%,0.0%,45.83%,0.0%,0.0%,796.0,36.1818181818182,22.0,0.0,04. ABRIL
2022-04-03,Sunday,,False,19.8,16.7,17.56,100.0,79.0,100.0,0.6,254.4,87.5,7.6,2.2,90.8,0.0%,0.0%,45.83%,0.0%,0.0%,695.0,36.5789473684211,19.0,8.5,04. ABRIL
2022-04-04,Monday,,False,22.9,17.6,19.85,100.0,82.0,99.0,0.1,1825.4,386.8,8.0,1.38,25.4,0.0%,0.0%,41.67%,0.0%,0.0%,223.0,37.1666666666667,6.0,0.0,04. ABRIL
2022-04-05,Tuesday,,False,25.1,18.6,20.78,100.0,67.0,96.5,3.8,2316.8,1165.5,6.6,1.88,0.2,0.0%,0.0%,45.83%,0.0%,0.0%,421.5,22.1842105263158,19.0,0.0,04. ABRIL
2022-04-06,Wednesday,,False,27.3,15.7,20.15,100.0,54.0,96.0,3.3,2933.7,1318.4,5.5,1.6,0.0,0.0%,0.0%,45.83%,0.0%,0.0%,262.5,18.75,14.0,0.0,04. ABRIL
2022-04-07,Thursday,,False,21.4,17.9,19.23,100.0,88.0,100.0,1.5,447.0,228.3,5.7,1.37,11.6,0.0%,0.0%,45.83%,0.0%,0.0%,170.0,24.2857142857143,7.0,0.0,04. ABRIL
2022-04-08,Friday,,False,24.4,18.0,20.12,100.0,71.0,99.0,0.0,1551.0,500.5,6.6,1.77,2.4,0.0%,0.0%,37.5%,0.0%,0.0%,384.5,25.6333333333333,15.0,-27.55,04. ABRIL
2022-04-09,Saturday,,False,25.0,15.7,19.4,100.0,69.0,98.0,3.9,1857.4,963.5,4.3,1.02,0.0,0.0%,0.0%,45.83%,0.0%,0.0%,494.5,38.0384615384615,13.0,35.5,04. ABRIL
2022-04-10,Sunday,,False,25.7,17.8,20.92,100.0,71.0,96.0,2.7,2606.7,765.7,8.5,1.87,0.0,0.0%,0.0%,45.83%,0.0%,0.0%,835.0,75.9090909090909,11.0,-7.0,04. ABRIL
2022-04-11,Monday,,False,25.0,18.9,21.75,100.0,64.0,80.5,4.3,1510.5,594.3,12.8,1.8,0.2,0.0%,0.0%,50.0%,0.0%,0.0%,197.0,21.8888888888889,9.0,0.0,04. ABRIL
2022-04-12,Tuesday,,False,27.4,16.6,21.6,100.0,57.0,86.0,0.2,2710.6,1209.2,5.3,1.17,0.0,0.0%,4.17%,45.83%,0.0%,0.0%,366.5,19.2894736842105,19.0,0.0,04. ABRIL
2022-04-13,Wednesday,,False,23.9,18.2,20.02,100.0,66.0,94.0,0.3,1488.7,483.0,4.9,1.52,0.0,0.0%,0.0%,45.83%,0.0%,0.0%,199.0,19.9,10.0,0.0,04. ABRIL
2022-04-14,Thursday,,False,21.3,11.3,16.72,90.0,26.0,67.0,3.4,2908.8,1858.6,7.4,1.82,0.0,0.0%,0.0%,50.0%,0.0%,0.0%,319.5,26.625,12.0,0.0,04. ABRIL
2022-04-15,Friday,,False,21.4,7.0,13.67,100.0,43.0,93.0,10.3,2842.5,1656.6,7.5,1.04,0.0,0.0%,0.0%,50.0%,0.0%,0.0%,463.0,33.0714285714286,14.0,0.0,04. ABRIL
2022-04-16,Saturday,,False,22.1,9.0,15.4,100.0,48.0,95.5,5.2,2706.9,1573.75,9.8,1.58,0.2,0.0%,0.0%,50.0%,0.0%,0.0%,289.5,32.1666666666667,9.0,0.0,04. ABRIL
2022-04-17,Sunday,,False,23.7,10.0,16.22,100.0,52.0,85.0,1.7,2732.0,909.4,7.2,1.57,0.0,0.0%,0.0%,45.83%,0.0%,0.0%,277.0,46.1666666666667,6.0,0.0,04. ABRIL
2022-04-18,Monday,Sexta-feira Santa,True,26.1,14.1,19.05,100.0,48.0,78.0,2.7,2729.6,1395.85,6.1,1.72,0.0,0.0%,4.17%,50.0%,0.0%,0.0%,242.0,30.25,8.0,0.0,04. ABRIL
2022-04-19,Tuesday,,False,27.6,11.9,19.1,100.0,36.0,80.0,1.9,2649.2,1442.45,4.5,1.15,0.0,0.0%,0.0%,50.0%,0.0%,0.0%,357.0,19.8333333333333,18.0,0.0,04. ABRIL
2022-04-20,Wednesday,,False,27.3,12.9,18.88,100.0,47.0,88.0,158.4,2668.6,1730.5,6.9,1.46,0.2,0.0%,4.17%,54.17%,0.0%,0.0%,462.0,21,22.0,6.0,04. ABRIL
2022-04-21,Thursday,Tiradentes,True,27.2,14.4,18.74,100.0,48.0,96.5,1.4,2607.5,745.1,4.3,0.92,0.0,0.0%,0.0%,45.83%,0.0%,0.0%,614.5,29.2619047619048,21.0,24.0,04. ABRIL
2022-04-22,Friday,,False,26.0,14.0,19.15,100.0,53.0,93.0,67.5,2447.6,903.9,10.1,1.55,2.6,0.0%,4.17%,54.17%,0.0%,0.0%,306.5,21.8928571428571,14.0,-41.0,04. ABRIL
2022-04-23,Saturday,,False,20.3,12.1,15.96,100.0,50.0,93.0,1.1,2718.7,1416.3,10.1,1.44,19.6,0.0%,4.17%,50.0%,0.0%,0.0%,563.0,35.1875,16.0,-36.0,04. ABRIL
2022-04-24,Sunday,,False,25.5,8.4,15.75,100.0,60.0,95.0,0.2,2656.8,1641.0,7.8,1.72,0.2,0.0%,0.0%,50.0%,0.0%,0.0%,958.0,30.9032258064516,31.0,55.0,04. ABRIL
2022-04-25,Monday,,False,27.5,18.2,22.68,100.0,59.0,77.0,0.0,600.1,243.3,18.0,4.08,20.8,0.0%,0.0%,45.83%,0.0%,0.0%,195.0,65,3.0,0.0,04. ABRIL
2022-04-26,Tuesday,,False,27.0,17.1,20.88,99.0,73.0,87.5,0.0,1633.7,173.6,12.1,2.95,14.6,0.0%,0.0%,41.67%,0.0%,0.0%,178.0,19.7777777777778,9.0,0.0,04. ABRIL
2022-04-27,Wednesday,,False,33.2,22.7,28.05,91.0,45.0,61.0,6.6,2497.6,836.1,20.1,5.44,0.0,0.0%,0.0%,37.5%,0.0%,0.0%,306.5,19.15625,16.0,0.0,04. ABRIL
2022-04-28,Thursday,,False,23.0,14.5,17.92,100.0,90.0,99.0,15.2,569.5,112.1,16.4,2.4,41.4,0.0%,0.0%,54.17%,0.0%,0.0%,94.0,23.5,4.0,0.0,04. ABRIL
2022-04-29,Friday,,False,18.8,11.7,14.55,100.0,50.0,96.0,1.1,2538.6,1149.75,8.8,1.67,0.2,0.0%,0.0%,50.0%,0.0%,0.0%,283.0,25.7272727272727,11.0,0.0,04. ABRIL
2022-04-30,Saturday,,False,18.7,10.1,13.68,100.0,66.0,92.0,57.4,2411.0,862.9,8.4,2.04,2.8,0.0%,0.0%,54.17%,0.0%,0.0%,232.0,23.2,10.0,0.0,04. ABRIL
2022-05-01,Sunday,Dia do Trabalho,True,19.7,15.0,16.7,100.0,81.0,99.0,0.3,1046.9,469.9,7.1,1.36,10.8,0.0%,4.17%,50.0%,0.0%,0.0%,837.0,44.0526315789474,19.0,0.0,05. MAIO
2022-05-01,Sunday,Dia do Trabalho,True,19.7,15.0,16.7,100.0,81.0,99.0,0.3,1046.9,469.9,7.1,1.36,10.8,0.0%,4.17%,50.0%,0.0%,0.0%,,#DIV/0!,,,04. ABRIL
2022-05-02,Monday,,False,17.5,12.9,14.78,100.0,91.0,97.0,26.4,452.6,238.0,11.1,2.69,13.4,0.0%,0.0%,54.17%,0.0%,0.0%,37.0,18.5,2.0,0.0,05. MAIO
2022-05-03,Tuesday,,False,15.6,12.8,14.08,100.0,91.0,100.0,0.2,557.1,159.5,12.3,2.83,20.4,0.0%,4.17%,45.83%,0.0%,0.0%,68.0,34.0,2.0,0.0,05. MAIO
2022-05-04,Wednesday,,False,21.1,13.4,16.93,100.0,73.0,95.5,0.0,1413.1,510.3,12.3,3.46,5.4,0.0%,0.0%,45.83%,0.0%,0.0%,201.0,25.125,8.0,0.0,05. MAIO
2022-05-05,Thursday,,False,21.9,14.3,17.29,100.0,55.0,92.0,76.0,2371.1,1048.2,6.7,1.38,0.2,0.0%,4.17%,54.17%,0.0%,0.0%,228.5,17.5769230769231,13.0,0.05,05. MAIO
2022-05-06,Friday,,False,20.5,9.5,13.98,100.0,54.0,100.0,111.6,2463.3,1326.9,6.0,1.15,0.0,0.0%,0.0%,54.17%,0.0%,0.0%,307.0,19.1875,16.0,0.0,05. MAIO
2022-05-07,Saturday,,False,20.9,8.0,13.17,100.0,58.0,100.0,103.0,2499.0,1161.1,5.8,1.08,0.2,0.0%,0.0%,54.17%,0.0%,0.0%,326.0,29.6363636363636,11.0,0.0,05. MAIO
2022-05-08,Sunday,,False,22.4,10.3,14.81,100.0,59.0,100.0,76.7,2444.9,1503.9,5.5,1.44,0.4,0.0%,0.0%,54.17%,0.0%,0.0%,1173.0,39.1,30.0,1.0,05. MAIO
2022-05-09,Monday,Aniversário de Ivorá,True,23.2,9.3,15.9,100.0,63.0,97.0,76.5,2313.3,1386.7,5.0,1.1,0.2,0.0%,0.0%,54.17%,0.0%,0.0%,84.5,14.0833333333333,6.0,-10.5,05. MAIO
2022-05-10,Tuesday,,False,21.0,13.6,16.97,100.0,78.0,100.0,12.9,1380.8,397.1,3.9,0.92,1.8,0.0%,0.0%,54.17%,0.0%,0.0%,131.0,18.7142857142857,7.0,9.5,05. MAIO
2022-05-11,Wednesday,,False,19.9,13.5,16.28,100.0,74.0,100.0,0.2,1305.1,318.2,5.3,1.09,0.0,0.0%,4.17%,50.0%,0.0%,0.0%,69.0,34.5,2.0,0.0,05. MAIO
2022-05-12,Thursday,Dia das Mães,True,19.1,10.0,13.63,100.0,55.0,96.0,46.5,2037.7,922.0,4.2,0.98,0.2,0.0%,0.0%,54.17%,0.0%,0.0%,135.0,19.2857142857143,7.0,5.0,05. MAIO
2022-05-13,Friday,,False,20.4,7.8,12.66,100.0,60.0,100.0,0.4,2340.8,1030.65,6.2,1.61,0.2,0.0%,0.0%,50.0%,0.0%,0.0%,239.5,18.4230769230769,13.0,0.0,05. MAIO
2022-05-14,Saturday,,False,17.9,11.2,14.27,100.0,83.0,96.5,21.4,1145.6,368.8,4.4,1.13,0.0,0.0%,0.0%,54.17%,0.0%,0.0%,326.0,36.2222222222222,9.0,0.0,05. MAIO
2022-05-15,Sunday,,False,16.6,13.3,15.32,100.0,92.0,100.0,41.3,670.3,259.2,5.5,1.05,3.0,0.0%,4.17%,54.17%,0.0%,0.0%,691.0,36.3684210526316,19.0,0.0,05. MAIO
2022-05-16,Monday,,False,14.3,6.5,10.72,97.0,58.0,78.0,12.1,2307.2,705.3,9.4,1.51,0.2,0.0%,0.0%,54.17%,0.0%,0.0%,28.0,14.0,2.0,0.0,05. MAIO
2022-05-17,Tuesday,,False,11.9,8.3,10.08,100.0,63.0,87.5,12.9,1323.4,686.1,12.7,2.76,6.6,0.0%,0.0%,54.17%,0.0%,0.0%,153.0,19.125,8.0,0.0,05. MAIO
2022-05-18,Wednesday,,False,18.0,10.0,12.85,100.0,69.0,92.5,12.2,1536.1,813.8,11.0,2.5,2.4,0.0%,0.0%,50.0%,0.0%,0.0%,155.0,25.8333333333333,6.0,5.0,05. MAIO
2022-05-19,Thursday,,False,14.3,9.1,11.44,100.0,72.0,94.5,22.0,956.0,272.3,4.2,0.9,0.0,0.0%,0.0%,29.17%,0.0%,0.0%,180.0,16.3636363636364,11.0,0.0,05. MAIO
2022-05-20,Friday,,False,18.4,3.5,10.05,100.0,56.0,100.0,84.1,2099.5,1422.1,4.4,0.8,0.2,0.0%,0.0%,54.17%,0.0%,0.0%,281.5,35.1875,8.0,0.0,05. MAIO
2022-05-21,Saturday,,False,20.3,4.5,11.28,100.0,53.0,100.0,85.5,2256.5,1350.1,4.5,0.83,0.2,0.0%,0.0%,54.17%,0.0%,0.0%,276.0,18.4,15.0,0.0,05. MAIO
2022-05-22,Sunday,,False,20.9,8.2,12.92,100.0,55.0,100.0,2.2,2237.3,1093.8,2.9,0.67,0.0,0.0%,0.0%,50.0%,70.83%,0.0%,840.0,28.9655172413793,29.0,0.0,05. MAIO
2022-05-23,Monday,,False,20.5,6.1,12.25,100.0,67.0,100.0,67.7,2175.2,1272.1,,,0.2,0.0%,4.17%,54.17%,100.0%,0.0%,291.5,20.8214285714286,14.0,-14.0,05. MAIO
2022-05-24,Tuesday,,False,26.0,8.1,15.93,100.0,48.0,99.0,75.3,2138.3,1248.3,,,0.2,0.0%,0.0%,54.17%,100.0%,0.0%,209.0,17.4166666666667,12.0,0.0,05. MAIO
2022-05-25,Wednesday,,False,28.5,12.7,19.31,100.0,37.0,75.5,44.9,2156.2,680.8,,,0.2,0.0%,0.0%,54.17%,100.0%,0.0%,100.0,20.0,5.0,1.5,05. MAIO
2022-05-26,Thursday,,False,20.1,15.7,17.29,100.0,80.0,100.0,16.7,393.2,249.3,,,14.6,0.0%,4.17%,54.17%,100.0%,0.0%,265.0,26.5,10.0,0.0,05. MAIO
2022-05-27,Friday,,False,21.9,16.5,17.87,100.0,74.0,100.0,6.4,1120.2,98.7,3.1,0.82,11.8,0.0%,4.17%,54.17%,83.33%,0.0%,191.0,21.2222222222222,9.0,0.0,05. MAIO
2022-05-28,Saturday,,False,20.6,16.9,18.06,100.0,83.0,98.0,1.2,967.1,47.3,6.2,1.14,7.8,0.0%,0.0%,16.67%,0.0%,0.0%,438.0,48.6666666666667,9.0,0.0,05. MAIO
2022-05-29,Sunday,,False,18.6,15.2,17.06,100.0,85.0,100.0,0.1,297.3,12.0,6.9,1.42,11.0,0.0%,0.0%,20.83%,0.0%,0.0%,545.0,34.0625,16.0,0.0,05. MAIO
2022-05-30,Monday,,False,15.3,6.3,10.59,100.0,45.0,86.0,0.4,2229.0,584.1,6.3,1.54,0.2,0.0%,0.0%,33.33%,0.0%,0.0%,67.5,16.875,4.0,0.0,05. MAIO
2022-05-31,Tuesday,,False,12.0,1.2,6.15,100.0,47.0,90.5,58.4,2228.5,1326.3,6.4,1.24,0.0,0.0%,0.0%,54.17%,0.0%,0.0%,163.0,18.1111111111111,9.0,0.0,05. MAIO
2022-06-01,Wednesday,,False,13.0,1.4,6.27,100.0,56.0,92.5,44.9,2053.1,1261.3,8.3,1.42,0.2,0.0%,0.0%,54.17%,0.0%,0.0%,202.0,25.25,8.0,0.0,06. JUNHO
2022-06-02,Thursday,,False,14.0,3.9,7.73,100.0,45.0,92.5,44.3,1997.8,1268.6,7.5,1.69,0.0,0.0%,0.0%,54.17%,0.0%,0.0%,140.5,14.05,10.0,9.0,06. JUNHO
2022-06-03,Friday,,False,13.3,2.9,7.52,100.0,53.0,89.0,53.3,2196.0,1302.7,7.0,1.52,0.0,0.0%,0.0%,54.17%,0.0%,0.0%,280.5,23.375,12.0,0.0,06. JUNHO
2022-06-04,Saturday,,False,17.9,5.3,10.89,100.0,68.0,88.0,30.9,1855.0,704.5,7.0,2.04,0.2,0.0%,0.0%,54.17%,0.0%,0.0%,403.0,40.3,10.0,0.0,06. JUNHO
2022-06-05,Sunday,,False,17.5,14.1,15.48,100.0,83.0,97.5,0.1,460.3,116.7,4.6,1.24,10.0,0.0%,0.0%,37.5%,0.0%,0.0%,456.5,41.5,11.0,0.0,06. JUNHO
2022-06-06,Monday,,False,19.1,16.2,17.27,100.0,91.0,100.0,0.0,384.7,65.1,9.5,1.71,38.2,0.0%,0.0%,33.33%,0.0%,0.0%,232.5,23.25,10.0,0.0,06. JUNHO
2022-06-07,Tuesday,,False,17.5,14.4,15.78,100.0,92.0,100.0,0.1,693.5,22.45,5.9,2.04,2.6,0.0%,0.0%,16.67%,0.0%,0.0%,120.5,15.0625,8.0,0.0,06. JUNHO
2022-06-08,Wednesday,,False,17.0,12.9,14.72,100.0,88.0,100.0,0.3,624.7,448.25,4.4,1.17,0.2,0.0%,8.33%,50.0%,0.0%,0.0%,162.0,20.25,8.0,0.0,06. JUNHO
2022-06-09,Thursday,,False,18.6,14.6,15.19,100.0,80.0,98.0,19.4,1619.6,342.4,5.2,1.43,0.0,0.0%,0.0%,54.17%,0.0%,0.0%,146.5,18.3125,8.0,0.0,06. JUNHO
2022-06-10,Friday,,False,15.1,6.0,12.85,100.0,44.0,96.5,31.5,1965.2,827.3,8.4,1.57,0.6,0.0%,0.0%,54.17%,0.0%,0.0%,63.0,12.6,5.0,0.0,06. JUNHO
2022-06-11,Saturday,,False,12.9,2.5,6.82,93.0,36.0,67.5,48.9,2191.6,1290.1,7.2,1.27,0.0,0.0%,0.0%,54.17%,0.0%,0.0%,219.0,31.2857142857143,7.0,0.0,06. JUNHO
2022-06-12,Sunday,Dia dos Namorados,True,16.9,5.3,9.75,87.0,35.0,62.0,46.6,2178.5,1271.0,5.9,1.45,0.0,0.0%,0.0%,54.17%,0.0%,0.0%,544.0,38.8571428571429,14.0,0.0,06. JUNHO
2022-06-13,Monday,,False,16.9,2.5,8.67,100.0,53.0,96.0,36.4,2116.4,1251.0,1.3,0.48,0.0,0.0%,0.0%,54.17%,75.0%,0.0%,143.0,20.4285714285714,7.0,0.0,06. JUNHO
2022-06-14,Tuesday,,False,18.5,6.0,10.5,100.0,68.0,100.0,29.3,2121.4,1050.0,,,0.2,0.0%,0.0%,54.17%,100.0%,0.0%,179.5,17.95,10.0,0.0,06. JUNHO
2022-06-15,Wednesday,,False,22.0,5.6,12.85,100.0,53.0,93.5,50.2,2102.6,1229.0,,,0.2,0.0%,0.0%,54.17%,100.0%,0.0%,319.0,18.7647058823529,17.0,0.0,06. JUNHO
2022-06-16,Thursday,,False,18.5,6.7,12.5,100.0,79.0,100.0,25.8,1041.2,366.5,,,0.2,0.0%,0.0%,54.17%,100.0%,0.0%,453.5,37.7916666666667,12.0,-0.5,06. JUNHO
2022-06-17,Friday,,False,16.3,10.1,14.49,100.0,84.0,100.0,0.0,181.6,43.8,,,35.0,0.0%,0.0%,29.17%,100.0%,0.0%,119.0,29.75,4.0,0.0,06. JUNHO
2022-06-18,Saturday,,False,13.1,2.9,8.12,100.0,40.0,85.0,41.7,2127.9,1272.5,,,0.0,0.0%,0.0%,54.17%,100.0%,0.0%,212.0,21.2,10.0,0.0,06. JUNHO
2022-06-19,Sunday,,False,17.0,1.1,7.02,100.0,52.0,99.5,42.4,2159.7,1251.2,,,0.2,0.0%,0.0%,54.17%,100.0%,0.0%,614.0,32.3157894736842,19.0,-6.0,06. JUNHO
2022-06-20,Monday,,False,18.9,4.0,9.87,100.0,69.0,100.0,24.7,2021.0,1020.6,,,0.2,0.0%,0.0%,54.17%,100.0%,0.0%,267.0,17.8,15.0,0.0,06. JUNHO
2022-06-21,Tuesday,,False,17.1,11.5,13.98,100.0,91.0,100.0,4.7,164.1,41.85,,,35.4,0.0%,8.33%,58.33%,100.0%,0.0%,104.0,26,4.0,0.0,06. JUNHO
2022-06-22,Wednesday,,False,16.3,14.0,14.61,100.0,91.0,100.0,0.0,469.8,108.95,,,16.2,0.0%,8.33%,50.0%,100.0%,0.0%,196.0,19.6,10.0,0.0,06. JUNHO
2022-06-23,Thursday,,False,15.1,13.5,14.39,100.0,93.0,100.0,0.2,992.1,93.3,,,0.4,0.0%,4.17%,37.5%,100.0%,0.0%,62.0,15.5,4.0,0.0,06. JUNHO
2022-06-24,Friday,,False,14.5,12.7,13.56,100.0,96.0,100.0,0.0,217.6,148.15,,,0.8,0.0%,0.0%,50.0%,100.0%,0.0%,276.0,27.6,10.0,-18.0,06. JUNHO
2022-06-25,Saturday,,False,14.3,10.9,12.22,100.0,71.0,93.5,0.2,917.1,448.05,,,0.8,0.0%,0.0%,50.0%,100.0%,0.0%,382.0,27.2857142857143,14.0,0.0,06. JUNHO
2022-06-26,Sunday,,False,12.9,7.5,9.57,100.0,72.0,91.0,13.9,1834.5,675.2,,,0.0,4.17%,4.17%,54.17%,100.0%,4.17%,594.5,27.0227272727273,22.0,13.0,06. JUNHO
2022-06-27,Monday,,False,20.0,9.8,13.15,100.0,75.0,97.0,10.0,1722.0,613.6,,,0.0,0.0%,4.17%,54.17%,100.0%,0.0%,300.0,23.0769230769231,13.0,0.0,06. JUNHO
2022-06-28,Tuesday,,False,20.8,11.2,15.85,100.0,70.0,99.0,2.6,317.5,153.2,,,4.6,0.0%,0.0%,54.17%,100.0%,0.0%,342.0,26.3076923076923,13.0,-71.0,06. JUNHO
2022-06-29,Wednesday,,False,16.7,8.4,10.83,100.0,54.0,94.5,74.1,2117.7,812.6,,,0.2,8.33%,8.33%,62.5%,100.0%,8.33%,304.0,17.8823529411765,17.0,0.0,06. JUNHO
2022-06-30,Thursday,,False,16.9,4.0,9.58,100.0,58.0,100.0,36.4,2091.7,1287.6,,,0.2,0.0%,0.0%,54.17%,100.0%,0.0%,276.5,21.2692307692308,13.0,0.0,06. JUNHO
2022-07-01,Friday,,False,17.7,4.9,9.73,100.0,70.0,100.0,20.4,1987.4,915.9,,,0.2,0.0%,8.33%,54.17%,100.0%,0.0%,296.5,22.8076923076923,13.0,56.0,07. JULHO
2022-07-02,Saturday,,False,24.9,12.0,20.51,100.0,52.0,65.5,7.5,1731.3,571.4,,,0.0,0.0%,0.0%,54.17%,100.0%,0.0%,753.5,25.1166666666667,30.0,0.0,07. JULHO
2022-07-03,Sunday,,False,17.8,13.6,14.65,100.0,71.0,90.0,0.1,1051.1,412.2,,,0.0,0.0%,4.17%,45.83%,100.0%,0.0%,335.0,30.4545454545455,11.0,5.0,07. JULHO
2022-07-04,Monday,,False,20.5,13.3,15.7,100.0,85.0,99.0,0.0,1305.1,251.3,,,5.6,0.0%,4.17%,45.83%,100.0%,0.0%,373.0,28.6923076923077,13.0,0.0,07. JULHO
2022-07-05,Tuesday,,False,23.6,13.7,17.95,100.0,73.0,100.0,17.1,1429.9,853.5,,,0.0,0.0%,4.17%,54.17%,100.0%,0.0%,263.0,18.7857142857143,14.0,0.0,07. JULHO
2022-07-06,Wednesday,,False,28.3,15.2,20.15,100.0,40.0,99.0,0.1,1776.0,131.55,,,0.0,0.0%,4.17%,25.0%,100.0%,0.0%,578.5,34.0294117647059,17.0,0.0,07. JULHO
2022-07-07,Thursday,,False,24.9,17.8,22.46,100.0,40.0,49.5,0.3,1567.3,695.2,,,1.6,0.0%,0.0%,54.17%,100.0%,0.0%,557.0,34.8125,16.0,0.0,07. JULHO
2022-07-08,Friday,,False,17.8,12.1,14.38,100.0,91.0,98.5,0.0,755.0,160.05,,,32.6,0.0%,0.0%,50.0%,100.0%,0.0%,321.0,32.1,10.0,0.0,07. JULHO
2022-07-09,Saturday,,False,25.1,12.4,17.31,100.0,46.0,84.0,14.6,1371.9,682.0,,,0.0,0.0%,0.0%,54.17%,100.0%,0.0%,519.0,27.3157894736842,19.0,0.0,07. JULHO
2022-07-10,Sunday,,False,26.8,18.1,24.2,98.0,44.0,49.0,20.6,1341.5,809.1,,,0.0,0.0%,0.0%,54.17%,100.0%,0.0%,1134.0,31.5,36.0,4.0,07. JULHO
2022-07-11,Monday,,False,30.1,13.5,24.63,100.0,41.0,50.5,6.0,1997.8,882.0,17.2,4.0,20.2,0.0%,0.0%,54.17%,75.0%,0.0%,329.5,23.5357142857143,14.0,0.0,07. JULHO
2022-07-12,Tuesday,,False,14.0,7.4,11.42,100.0,59.0,90.0,0.0,1373.1,551.5,9.0,1.48,6.6,0.0%,0.0%,37.5%,0.0%,0.0%,180.0,22.5,8.0,0.0,07. JULHO
2022-07-13,Wednesday,,False,14.6,3.3,8.02,100.0,70.0,100.0,24.8,2294.3,1097.1,7.0,1.73,0.2,0.0%,0.0%,54.17%,0.0%,0.0%,153.5,19.1875,8.0,0.0,07. JULHO
2022-07-14,Thursday,,False,16.2,10.2,12.43,100.0,88.0,100.0,0.0,278.7,89.2,7.3,2.32,42.6,0.0%,4.17%,37.5%,0.0%,0.0%,202.5,22.5,9.0,0.0,07. JULHO
2022-07-15,Friday,,False,19.1,14.9,16.37,100.0,91.0,100.0,3.8,880.1,351.7,8.3,2.37,15.6,0.0%,4.17%,54.17%,0.0%,0.0%,291.0,41.5714285714286,7.0,0.0,07. JULHO
2022-07-16,Saturday,,False,23.9,11.9,17.31,100.0,74.0,97.0,5.2,1638.0,219.8,14.9,2.77,19.4,0.0%,12.5%,54.17%,0.0%,0.0%,395.0,32.9166666666667,12.0,0.0,07. JULHO
2022-07-17,Sunday,Aniversário de Dona Francisca,True,12.0,8.7,10.19,100.0,65.0,83.5,14.7,846.8,539.9,10.5,1.48,0.2,0.0%,0.0%,54.17%,0.0%,0.0%,451.5,32.25,14.0,-8.0,07. JULHO
2022-07-18,Monday,,False,15.0,4.0,8.25,100.0,70.0,100.0,25.8,2231.6,923.7,4.0,1.12,0.2,0.0%,0.0%,54.17%,0.0%,0.0%,217.0,15.5,14.0,0.0,07. JULHO
2022-07-19,Tuesday,,False,12.9,7.0,9.93,100.0,83.0,100.0,0.0,633.7,336.5,6.1,1.57,0.0,0.0%,0.0%,50.0%,0.0%,0.0%,178.0,25.4285714285714,7.0,0.0,07. JULHO
2022-07-20,Wednesday,,False,19.1,8.8,12.78,100.0,80.0,100.0,21.9,2044.2,1006.7,6.5,2.01,0.2,0.0%,0.0%,54.17%,0.0%,0.0%,432.0,22.7368421052632,19.0,-2.0,07. JULHO
2022-07-21,Thursday,,False,28.2,13.6,21.46,100.0,51.0,75.5,32.8,1640.7,586.8,10.8,1.81,0.0,0.0%,0.0%,54.17%,0.0%,0.0%,524.0,20.96,25.0,0.0,07. JULHO
2022-07-22,Friday,,False,25.4,16.4,20.15,100.0,62.0,92.0,9.1,1423.4,598.1,6.5,1.23,0.4,0.0%,0.0%,54.17%,0.0%,0.0%,555.0,39.6428571428571,14.0,0.0,07. JULHO
2022-07-23,Saturday,,False,24.3,15.9,19.14,100.0,73.0,99.0,24.2,2112.7,613.6,5.2,1.57,13.8,0.0%,4.17%,54.17%,0.0%,0.0%,970.0,29.3939393939394,33.0,0.0,07. JULHO
2022-07-24,Sunday,,False,25.1,17.0,20.42,100.0,70.0,100.0,17.8,1520.1,831.0,4.3,1.12,0.0,0.0%,0.0%,54.17%,0.0%,0.0%,1255.0,33.0263157894737,38.0,0.0,07. JULHO
2022-07-25,Monday,Dia do Colono e Motorista,True,25.8,15.4,20.45,100.0,67.0,97.0,57.2,2154.1,1369.3,5.0,1.47,0.2,0.0%,0.0%,54.17%,0.0%,0.0%,501.0,26.3684210526316,19.0,-26.0,07. JULHO
2022-07-26,Tuesday,,False,22.6,16.2,18.52,100.0,80.0,98.5,0.0,2004.4,604.2,6.2,2.04,0.0,0.0%,0.0%,45.83%,0.0%,0.0%,551.0,25.0454545454545,22.0,42.0,07. JULHO
2022-07-27,Wednesday,,False,25.2,15.2,18.81,100.0,70.0,100.0,0.2,2071.7,274.6,4.1,1.09,0.2,0.0%,4.17%,29.17%,0.0%,0.0%,579.0,23.16,25.0,16.0,07. JULHO
2022-07-28,Thursday,,False,25.7,14.6,17.56,100.0,55.0,100.0,0.2,704.2,71.45,9.7,1.44,20.6,4.17%,8.33%,50.0%,4.17%,4.17%,165.0,41.25,4.0,0.0,07. JULHO
2022-07-29,Friday,,False,16.6,8.3,11.7,100.0,58.0,86.0,0.8,1984.8,1138.75,10.5,1.5,0.2,4.17%,4.17%,50.0%,4.17%,4.17%,190.0,23.75,8.0,0.0,07. JULHO
2022-07-30,Saturday,,False,18.1,4.6,10.36,100.0,53.0,100.0,81.7,2316.6,1560.35,4.7,0.81,0.0,8.33%,8.33%,58.33%,8.33%,8.33%,407.0,27.1333333333333,15.0,19.0,07. JULHO
2022-07-31,Sunday,,False,18.9,5.5,10.67,100.0,65.0,100.0,51.0,2208.1,1338.2,3.9,1.07,0.2,8.33%,8.33%,62.5%,8.33%,8.33%,744.0,32.3478260869565,23.0,0.0,07. JULHO
2022-08-01,Monday,,False,16.5,6.8,10.27,100.0,80.0,100.0,48.5,1928.7,914.3,5.0,0.91,0.2,4.17%,8.33%,58.33%,4.17%,4.17%,211.0,23.4444444444444,9.0,0.0,08. AGOSTO
2022-08-02,Tuesday,,False,14.8,10.8,12.75,100.0,92.0,100.0,0.1,685.2,34.0,8.5,2.35,0.4,0.0%,4.17%,16.67%,0.0%,0.0%,213.0,21.3,10.0,0.0,08. AGOSTO
2022-08-03,Wednesday,,False,20.4,13.2,15.49,100.0,82.0,100.0,0.0,1873.4,67.1,8.5,2.23,0.2,0.0%,0.0%,25.0%,0.0%,0.0%,288.5,19.2333333333333,15.0,0.0,08. AGOSTO
2022-08-04,Thursday,,False,24.5,12.8,17.77,100.0,59.0,100.0,0.0,1994.7,75.4,14.1,2.5,40.8,0.0%,0.0%,29.17%,0.0%,0.0%,542.0,30.1111111111111,18.0,0.0,08. AGOSTO
2022-08-05,Friday,,False,15.1,8.7,12.23,100.0,60.0,97.5,0.1,1796.3,611.35,5.7,1.4,2.0,0.0%,0.0%,50.0%,0.0%,0.0%,270.0,24.5454545454545,11.0,26.0,08. AGOSTO
2022-08-06,Saturday,,False,13.1,5.2,8.83,100.0,73.0,100.0,0.2,1827.5,310.85,8.8,2.07,0.2,0.0%,0.0%,50.0%,0.0%,0.0%,299.0,33.2222222222222,9.0,24.0,08. AGOSTO
2022-08-07,Sunday,,False,14.8,10.8,12.43,98.0,82.0,90.0,0.4,659.2,323.2,9.5,2.19,0.0,0.0%,0.0%,50.0%,0.0%,0.0%,526.0,43.8333333333333,12.0,0.0,08. AGOSTO
2022-08-08,Monday,,False,15.4,12.1,13.62,100.0,81.0,92.0,31.9,691.5,395.5,8.5,2.51,0.4,4.17%,8.33%,54.17%,4.17%,4.17%,195.0,48.75,4.0,0.0,08. AGOSTO
2022-08-09,Tuesday,,False,14.0,11.0,12.29,100.0,81.0,89.0,0.0,457.7,211.2,9.8,2.8,11.8,0.0%,0.0%,50.0%,0.0%,0.0%,5.0,5.0,1.0,0.0,08. AGOSTO
2022-08-10,Wednesday,,False,17.2,9.1,11.52,100.0,52.0,88.5,0.9,1896.5,1298.1,11.4,2.97,1.0,0.0%,0.0%,50.0%,0.0%,0.0%,332.0,25.5384615384615,13.0,0.0,08. AGOSTO
2022-08-11,Thursday,Dia dos Pais,True,17.6,4.4,10.41,100.0,66.0,100.0,74.3,2500.0,1050.5,6.3,1.26,0.2,0.0%,0.0%,54.17%,0.0%,0.0%,368.0,24.5333333333333,15.0,0.0,08. AGOSTO
2022-08-12,Friday,,False,22.3,7.5,14.17,100.0,53.0,93.5,143.5,2388.3,1569.8,8.2,2.08,0.2,0.0%,0.0%,54.17%,0.0%,0.0%,351.0,21.9375,16.0,0.0,08. AGOSTO
2022-08-13,Saturday,,False,23.1,11.3,17.5,100.0,53.0,69.5,0.8,2036.9,1118.95,8.1,2.15,0.0,0.0%,0.0%,50.0%,0.0%,0.0%,408.0,29.1428571428571,14.0,0.0,08. AGOSTO
2022-08-14,Sunday,,False,22.3,11.9,16.03,100.0,65.0,100.0,44.4,2028.3,517.5,7.8,1.7,2.0,0.0%,0.0%,54.17%,0.0%,0.0%,766.0,30.64,25.0,-1.0,08. AGOSTO
2022-08-15,Monday,,False,25.5,16.9,20.45,100.0,44.0,74.5,2.8,659.4,235.75,20.1,3.0,3.6,0.0%,0.0%,50.0%,0.0%,0.0%,173.0,24.7142857142857,7.0,0.0,08. AGOSTO
2022-08-16,Tuesday,Dia de São Roque,True,19.2,10.5,15.38,100.0,65.0,94.5,0.2,2658.0,1071.3,6.1,1.5,0.2,0.0%,0.0%,45.83%,0.0%,0.0%,337.0,24.0714285714286,14.0,0.0,08. AGOSTO
2022-08-17,Wednesday,,False,22.4,11.1,15.28,100.0,72.0,100.0,0.2,2131.6,379.3,6.8,1.59,0.0,0.0%,0.0%,37.5%,0.0%,0.0%,450.0,25.0,18.0,0.0,08. AGOSTO
2022-08-18,Thursday,,False,17.7,8.8,12.89,100.0,38.0,74.5,19.6,2621.7,1175.1,9.8,1.88,0.0,0.0%,0.0%,54.17%,0.0%,0.0%,407.0,29.0714285714286,14.0,0.0,08. AGOSTO
2022-08-19,Friday,,False,13.6,1.7,7.75,100.0,35.0,72.0,2.2,2735.8,1707.75,5.4,1.1,0.0,0.0%,4.17%,50.0%,0.0%,0.0%,288.0,22.1538461538462,13.0,0.0,08. AGOSTO
2022-08-20,Saturday,,False,16.3,1.2,7.66,100.0,48.0,91.5,3.3,2739.9,1722.75,7.3,1.44,0.2,0.0%,0.0%,50.0%,0.0%,0.0%,338.0,30.7272727272727,11.0,27.95,08. AGOSTO
2022-08-21,Sunday,,False,19.9,3.2,10.04,100.0,53.0,99.0,3.8,2698.0,1417.95,5.0,1.3,0.0,0.0%,4.17%,50.0%,0.0%,0.0%,1383.0,34.575,40.0,0.0,08. AGOSTO
2022-08-22,Monday,,False,16.1,6.8,11.2,100.0,74.0,98.5,1.1,2626.1,907.0,8.0,1.82,0.2,0.0%,0.0%,45.83%,0.0%,0.0%,349.0,23.2666666666667,15.0,0.0,08. AGOSTO
2022-08-23,Tuesday,,False,21.0,8.0,12.7,100.0,66.0,100.0,0.8,2326.0,612.2,5.3,1.55,0.2,0.0%,4.17%,45.83%,0.0%,0.0%,371.0,26.5,14.0,-20.0,08. AGOSTO
2022-08-24,Wednesday,,False,22.3,10.9,16.08,100.0,70.0,100.0,2.5,1799.5,720.05,4.1,1.1,0.0,0.0%,0.0%,50.0%,0.0%,0.0%,335.0,25.7692307692308,13.0,33.5,08. AGOSTO
2022-08-25,Thursday,,False,29.9,13.2,21.04,100.0,36.0,77.5,5.5,2603.5,1523.2,8.3,2.15,0.0,0.0%,0.0%,50.0%,0.0%,0.0%,878.0,25.8235294117647,34.0,0.0,08. AGOSTO
2022-08-26,Friday,,False,26.6,15.8,20.76,100.0,47.0,75.0,2.0,2586.0,1077.35,7.5,1.64,0.0,0.0%,0.0%,50.0%,0.0%,0.0%,653.5,29.7045454545455,22.0,0.0,08. AGOSTO
2022-08-27,Saturday,,False,31.8,16.2,23.99,100.0,32.0,54.0,4.9,2650.9,1565.1,11.0,2.1,0.0,0.0%,0.0%,50.0%,0.0%,0.0%,1926.0,29.1818181818182,66.0,0.0,08. AGOSTO
2022-08-28,Sunday,,False,24.1,9.1,13.03,100.0,48.0,73.0,0.9,2176.2,794.7,13.8,3.52,5.4,0.0%,0.0%,41.67%,0.0%,0.0%,914.0,65.2857142857143,14.0,0.0,08. AGOSTO
2022-08-29,Monday,,False,13.9,2.8,8.08,100.0,50.0,75.0,0.7,2884.3,1759.8,5.6,1.68,0.0,0.0%,0.0%,45.83%,79.17%,0.0%,124.0,24.8,5.0,81.0,08. AGOSTO
2022-08-30,Tuesday,,False,18.5,6.5,11.45,100.0,58.0,80.0,0.8,2877.5,1749.9,,,0.0,0.0%,0.0%,45.83%,100.0%,0.0%,217.0,27.125,8.0,0.0,08. AGOSTO
2022-08-31,Wednesday,,False,22.8,8.4,14.88,100.0,47.0,84.5,7.2,2799.3,1706.0,,,0.2,0.0%,0.0%,45.83%,100.0%,0.0%,318.0,18.7058823529412,17.0,20.0,08. AGOSTO
2022-09-01,Thursday,,False,28.7,12.3,19.2,100.0,48.0,70.5,2.5,2444.2,666.8,,,0.0,0.0%,0.0%,45.83%,100.0%,0.0%,611.0,27.7727272727273,22.0,19.0,09. SETEMBRO
2022-09-02,Friday,,False,21.0,15.0,17.34,100.0,65.0,81.0,0.0,1842.3,300.6,,,33.4,0.0%,20.83%,29.17%,100.0%,0.0%,194.0,21.5555555555556,9.0,0.0,09. SETEMBRO
2022-09-03,Saturday,,False,15.4,5.6,10.83,100.0,43.0,87.0,4.4,2990.1,1101.8,,,0.0,0.0%,0.0%,45.83%,100.0%,0.0%,664.0,33.2,20.0,19.0,09. SETEMBRO
2022-09-04,Sunday,,False,16.9,2.5,9.34,100.0,50.0,91.0,5.2,2987.5,1908.3,,,0.2,0.0%,0.0%,45.83%,100.0%,0.0%,1208.5,33.5694444444444,36.0,0.0,09. SETEMBRO
2022-09-05,Monday,,False,20.0,8.1,12.65,100.0,55.0,96.0,3.1,2730.9,1186.8,,,0.0,0.0%,0.0%,45.83%,100.0%,0.0%,284.0,23.6666666666667,12.0,40.0,09. SETEMBRO
2022-09-06,Tuesday,,False,22.0,13.0,16.31,100.0,57.0,87.5,16.6,2803.3,1320.05,,,0.2,0.0%,0.0%,50.0%,100.0%,0.0%,425.0,23.6111111111111,18.0,5.0,09. SETEMBRO
2022-09-07,Wednesday,Independência do Brasil,True,25.5,14.3,18.55,100.0,41.0,86.0,8.9,2342.0,864.0,,,0.0,0.0%,8.33%,45.83%,100.0%,0.0%,1487.0,27.0363636363636,55.0,44.0,09. SETEMBRO
2022-09-08,Thursday,,False,25.4,13.5,19.41,99.0,66.0,79.5,9.5,2056.4,1348.3,,,0.0,0.0%,0.0%,45.83%,100.0%,0.0%,473.0,26.2777777777778,18.0,0.0,09. SETEMBRO
2022-09-09,Friday,,False,31.0,12.3,22.05,100.0,42.0,81.5,8.4,649.5,76.65,,,3.6,0.0%,0.0%,50.0%,100.0%,0.0%,212.0,26.5,8.0,15.0,09. SETEMBRO
2022-09-10,Saturday,,False,16.4,4.3,10.89,100.0,40.0,70.0,14.0,3132.3,1997.9,,,0.2,0.0%,0.0%,45.83%,100.0%,0.0%,492.0,27.3333333333333,18.0,19.0,09. SETEMBRO
2022-09-11,Sunday,,False,18.5,3.0,10.25,100.0,45.0,83.5,6.3,2988.5,1317.2,,,0.0,0.0%,0.0%,45.83%,100.0%,0.0%,1056.0,31.0588235294118,34.0,0.0,09. SETEMBRO
2022-09-12,Monday,,False,20.2,10.4,14.29,95.0,52.0,77.5,16.5,2523.7,1400.7,,,0.0,0.0%,0.0%,45.83%,100.0%,0.0%,157.0,15.7,10.0,0.0,09. SETEMBRO
2022-09-13,Tuesday,,False,21.2,10.6,14.76,100.0,55.0,85.0,18.5,3083.6,1220.9,,,0.0,0.0%,4.17%,45.83%,100.0%,0.0%,257.0,23.3636363636364,11.0,0.0,09. SETEMBRO
2022-09-14,Wednesday,,False,19.5,12.4,15.42,99.0,58.0,81.0,15.3,1840.9,1165.5,,,0.0,0.0%,4.17%,45.83%,100.0%,0.0%,331.0,22.0666666666667,15.0,0.0,09. SETEMBRO
2022-09-15,Thursday,,False,21.1,11.6,15.31,99.0,59.0,83.5,11.1,2859.1,909.8,,,0.0,0.0%,0.0%,45.83%,100.0%,0.0%,349.0,20.5294117647059,17.0,56.0,09. SETEMBRO
2022-09-16,Friday,,False,22.7,13.2,17.04,99.0,55.0,83.5,22.9,3086.1,1444.5,,,0.0,0.0%,0.0%,45.83%,100.0%,0.0%,239.0,29.875,8.0,0.0,09. SETEMBRO
2022-09-17,Saturday,,False,23.6,11.4,17.05,100.0,49.0,75.5,21.0,3183.1,2094.6,,,0.0,0.0%,0.0%,45.83%,100.0%,0.0%,947.0,36.4230769230769,26.0,0.0,09. SETEMBRO
2022-09-18,Sunday,,False,24.6,10.6,17.33,100.0,34.0,70.0,8.5,3208.0,1642.9,,,0.0,0.0%,0.0%,45.83%,100.0%,0.0%,1463.0,31.1276595744681,47.0,0.0,09. SETEMBRO
2022-09-19,Monday,,False,18.5,14.7,15.96,100.0,67.0,99.5,2.7,410.6,173.6,10.6,2.13,24.0,0.0%,8.33%,50.0%,37.5%,0.0%,150.0,18.75,8.0,0.0,09. SETEMBRO
2022-09-20,Tuesday,Revolução Farroupilha,True,22.2,13.1,16.88,100.0,56.0,94.0,0.1,3221.1,503.1,7.0,1.59,0.0,0.0%,12.5%,29.17%,0.0%,0.0%,1394.0,27.88,50.0,106.0,09. SETEMBRO
2022-09-21,Wednesday,,False,18.3,13.4,15.9,100.0,69.0,91.0,6.2,1846.8,737.5,11.4,2.74,0.0,0.0%,0.0%,45.83%,0.0%,0.0%,341.0,22.7333333333333,15.0,22.0,09. SETEMBRO
2022-09-22,Thursday,,False,14.9,9.9,12.72,100.0,76.0,96.0,8.9,1447.9,719.8,9.2,1.82,1.8,0.0%,0.0%,45.83%,0.0%,0.0%,100.0,16.6666666666667,6.0,0.0,09. SETEMBRO
2022-09-23,Friday,,False,19.2,4.8,11.62,100.0,36.0,84.0,24.9,3198.6,2103.4,6.6,1.18,0.2,0.0%,0.0%,45.83%,0.0%,0.0%,330.0,33,10.0,0.0,09. SETEMBRO
2022-09-24,Saturday,,False,20.5,4.6,12.3,100.0,41.0,80.0,28.5,3290.1,2253.2,9.5,1.61,0.0,0.0%,0.0%,45.83%,0.0%,0.0%,750.0,39.4736842105263,19.0,0.0,09. SETEMBRO
2022-09-25,Sunday,,False,19.4,11.1,14.91,98.0,60.0,79.0,22.9,1687.4,821.8,7.8,2.32,0.0,0.0%,0.0%,45.83%,0.0%,0.0%,789.0,37.5714285714286,21.0,68.0,09. SETEMBRO
2022-09-26,Monday,,False,24.9,12.0,17.99,100.0,51.0,83.0,0.8,2918.0,1247.6,6.7,1.07,0.0,0.0%,4.17%,37.5%,0.0%,0.0%,704.0,29.3333333333333,24.0,-14.0,09. SETEMBRO
2022-09-27,Tuesday,,False,24.9,10.5,17.79,100.0,36.0,76.0,29.8,3304.5,2229.1,6.8,1.37,0.0,0.0%,0.0%,45.83%,0.0%,0.0%,438.0,21.9,20.0,23.0,09. SETEMBRO
2022-09-28,Wednesday,,False,21.8,11.4,16.84,100.0,42.0,67.0,38.2,2826.4,1386.2,12.4,3.02,0.0,0.0%,0.0%,45.83%,0.0%,0.0%,226.0,15.0666666666667,15.0,0.0,09. SETEMBRO
2022-09-29,Thursday,,False,20.4,10.8,15.26,91.0,47.0,72.0,12.5,2479.2,1504.3,12.0,3.88,0.0,0.0%,0.0%,45.83%,0.0%,0.0%,289.0,20.6428571428571,14.0,34.0,09. SETEMBRO
2022-09-30,Friday,,False,17.1,12.2,14.78,100.0,73.0,94.0,32.8,952.4,558.7,8.5,1.88,2.4,0.0%,4.17%,45.83%,0.0%,0.0%,140.0,23.3333333333333,6.0,-20.0,09. SETEMBRO
2022-10-01,Saturday,,False,23.1,14.8,17.55,100.0,51.0,95.0,0.0,2664.0,1436.5,6.0,1.28,0.6,0.0%,0.0%,37.5%,0.0%,0.0%,647.0,28.1304347826087,23.0,0.0,10. Outubro
2022-10-01,Saturday,,False,23.1,14.8,17.55,100.0,51.0,95.0,0.0,2664.0,1436.5,6.0,1.28,0.6,0.0%,0.0%,37.5%,0.0%,0.0%,126.0,21,6.0,-1.85,11. NOVEMBRO
2022-10-02,Sunday,,False,21.7,11.2,15.75,100.0,53.0,93.0,33.7,2620.9,1445.9,7.2,1.84,0.0,0.0%,0.0%,45.83%,0.0%,0.0%,1920.5,27.8333333333333,69.0,-74.5,10. Outubro
2022-10-02,Sunday,,False,21.7,11.2,15.75,100.0,53.0,93.0,33.7,2620.9,1445.9,7.2,1.84,0.0,0.0%,0.0%,45.83%,0.0%,0.0%,741.0,27.4444444444444,27.0,0.0,11. NOVEMBRO
2022-10-03,Monday,,False,22.8,8.0,14.86,100.0,47.0,98.0,39.9,3295.6,2050.6,6.7,1.1,0.2,0.0%,0.0%,45.83%,0.0%,0.0%,223.0,22.3,10.0,0.0,10. Outubro
2022-10-03,Monday,,False,22.8,8.0,14.86,100.0,47.0,98.0,39.9,3295.6,2050.6,6.7,1.1,0.2,0.0%,0.0%,45.83%,0.0%,0.0%,306.5,19.15625,16.0,1.5,11. NOVEMBRO
2022-10-04,Tuesday,,False,21.4,8.5,14.74,100.0,39.0,66.5,40.6,3492.3,2275.3,9.9,2.58,0.0,0.0%,0.0%,45.83%,0.0%,0.0%,293.0,20.9285714285714,14.0,43.0,10. Outubro
2022-10-04,Tuesday,,False,21.4,8.5,14.74,100.0,39.0,66.5,40.6,3492.3,2275.3,9.9,2.58,0.0,0.0%,0.0%,45.83%,0.0%,0.0%,367.5,18.375,20.0,0.0,11. NOVEMBRO
2022-10-05,Wednesday,,False,26.1,10.7,17.26,100.0,52.0,69.0,31.8,3426.1,2068.0,10.3,2.85,0.0,0.0%,0.0%,45.83%,0.0%,0.0%,408.0,20.4,20.0,0.0,10. Outubro
2022-10-05,Wednesday,,False,26.1,10.7,17.26,100.0,52.0,69.0,31.8,3426.1,2068.0,10.3,2.85,0.0,0.0%,0.0%,45.83%,0.0%,0.0%,788.0,35.8181818181818,22.0,6.0,11. NOVEMBRO
2022-10-06,Thursday,,False,21.4,15.2,17.88,100.0,60.0,99.0,7.2,931.8,491.2,9.3,1.83,9.4,0.0%,4.17%,45.83%,0.0%,0.0%,1407.0,35.175,40.0,0.0,11. NOVEMBRO
2022-10-06,Thursday,,False,21.4,15.2,17.88,100.0,60.0,99.0,7.2,931.8,491.2,9.3,1.83,9.4,0.0%,4.17%,45.83%,0.0%,0.0%,349.5,26.8846153846154,13.0,0.5,10. Outubro
2022-10-07,Friday,,False,24.3,14.1,18.27,100.0,39.0,81.0,0.0,3017.9,1549.6,9.5,1.98,21.2,0.0%,0.0%,37.5%,0.0%,0.0%,448.0,28.0,16.0,28.0,10. Outubro
2022-10-07,Friday,,False,24.3,14.1,18.27,100.0,39.0,81.0,0.0,3017.9,1549.6,9.5,1.98,21.2,0.0%,0.0%,37.5%,0.0%,0.0%,725.0,31.5217391304348,23.0,0.0,11. NOVEMBRO
2022-10-08,Saturday,,False,27.2,10.1,18.95,100.0,35.0,54.0,43.4,3365.5,2150.8,11.7,2.08,0.0,4.17%,4.17%,45.83%,4.17%,4.17%,1273.0,31.0487804878049,41.0,20.0,10. Outubro
2022-10-08,Saturday,,False,27.2,10.1,18.95,100.0,35.0,54.0,43.4,3365.5,2150.8,11.7,2.08,0.0,4.17%,4.17%,45.83%,4.17%,4.17%,352.0,25.1428571428571,14.0,0.0,11. NOVEMBRO
2022-10-09,Sunday,,False,20.1,9.3,12.89,96.0,39.0,72.0,16.8,3305.1,624.2,8.9,1.49,0.4,0.0%,0.0%,45.83%,0.0%,0.0%,1111.0,34.71875,32.0,0.0,10. Outubro
2022-10-09,Sunday,,False,20.1,9.3,12.89,96.0,39.0,72.0,16.8,3305.1,624.2,8.9,1.49,0.4,0.0%,0.0%,45.83%,0.0%,0.0%,652.0,29.6363636363636,22.0,0.0,11. NOVEMBRO
2022-10-10,Monday,,False,16.2,6.3,10.82,100.0,50.0,92.5,2.0,3034.1,465.5,14.3,2.42,7.8,0.0%,0.0%,45.83%,0.0%,0.0%,24.0,12.0,2.0,0.0,10. Outubro
2022-10-10,Monday,,False,16.2,6.3,10.82,100.0,50.0,92.5,2.0,3034.1,465.5,14.3,2.42,7.8,0.0%,0.0%,45.83%,0.0%,0.0%,897.0,35.88,25.0,1.0,11. NOVEMBRO
2022-10-11,Tuesday,,False,17.8,11.7,14.34,100.0,84.0,97.5,0.3,1025.3,332.9,8.5,1.73,2.0,0.0%,0.0%,33.33%,0.0%,0.0%,181.0,30.1666666666667,6.0,0.0,10. Outubro
2022-10-11,Tuesday,,False,17.8,11.7,14.34,100.0,84.0,97.5,0.3,1025.3,332.9,8.5,1.73,2.0,0.0%,0.0%,33.33%,0.0%,0.0%,322.0,24.7692307692308,13.0,0.0,11. NOVEMBRO
2022-10-12,Wednesday,Nossa Senhora Aparecida,True,23.5,14.9,17.75,100.0,45.0,92.0,52.3,3370.1,1641.5,7.0,1.29,0.8,0.0%,0.0%,45.83%,0.0%,0.0%,841.0,28.0333333333333,30.0,7.0,11. NOVEMBRO
2022-10-12,Wednesday,Nossa Senhora Aparecida,True,23.5,14.9,17.75,100.0,45.0,92.0,52.3,3370.1,1641.5,7.0,1.29,0.8,0.0%,0.0%,45.83%,0.0%,0.0%,1154.0,27.4761904761905,42.0,10.0,10. Outubro
2022-10-13,Thursday,,False,25.9,10.1,17.9,100.0,40.0,83.5,68.2,3476.0,2390.4,6.4,1.16,0.0,0.0%,0.0%,45.83%,0.0%,0.0%,607.0,24.28,25.0,1.0,10. Outubro
2022-10-13,Thursday,,False,25.9,10.1,17.9,100.0,40.0,83.5,68.2,3476.0,2390.4,6.4,1.16,0.0,0.0%,0.0%,45.83%,0.0%,0.0%,1162.0,35.2121212121212,33.0,0.0,11. NOVEMBRO
2022-10-14,Friday,,False,19.6,12.4,15.86,91.0,57.0,69.0,46.8,1714.2,1193.1,12.6,3.88,0.0,0.0%,0.0%,45.83%,0.0%,0.0%,181.0,18.1,10.0,0.0,10. Outubro
2022-10-14,Friday,,False,19.6,12.4,15.86,91.0,57.0,69.0,46.8,1714.2,1193.1,12.6,3.88,0.0,0.0%,0.0%,45.83%,0.0%,0.0%,737.0,33.5,22.0,3.0,11. NOVEMBRO
2022-10-15,Saturday,,False,23.8,13.5,17.91,87.0,57.0,75.5,72.3,3487.8,2079.2,12.0,3.82,0.0,0.0%,0.0%,45.83%,0.0%,0.0%,580.0,30.5263157894737,19.0,0.0,10. Outubro
2022-10-15,Saturday,,False,23.8,13.5,17.91,87.0,57.0,75.5,72.3,3487.8,2079.2,12.0,3.82,0.0,0.0%,0.0%,45.83%,0.0%,0.0%,805.0,24.3939393939394,33.0,8.0,11. NOVEMBRO
2022-10-16,Sunday,,False,25.9,15.3,19.12,100.0,49.0,85.0,61.8,3020.9,998.4,8.0,1.94,0.0,0.0%,4.17%,45.83%,0.0%,0.0%,1195.0,31.4473684210526,38.0,18.0,10. Outubro
2022-10-16,Sunday,,False,25.9,15.3,19.12,100.0,49.0,85.0,61.8,3020.9,998.4,8.0,1.94,0.0,0.0%,4.17%,45.83%,0.0%,0.0%,664.0,26.56,25.0,0.0,11. NOVEMBRO
2022-10-17,Monday,,False,24.6,11.2,17.42,100.0,51.0,83.0,2.1,2931.1,1385.5,11.2,2.24,0.0,0.0%,4.17%,41.67%,0.0%,0.0%,289.0,36.125,8.0,0.0,10. Outubro
2022-10-17,Monday,,False,24.6,11.2,17.42,100.0,51.0,83.0,2.1,2931.1,1385.5,11.2,2.24,0.0,0.0%,4.17%,41.67%,0.0%,0.0%,589.0,20.3103448275862,29.0,0.0,11. NOVEMBRO
2022-10-18,Tuesday,,False,24.4,16.8,19.58,91.0,60.0,82.5,76.0,2767.5,1173.6,13.4,3.69,0.0,0.0%,0.0%,45.83%,0.0%,0.0%,236.0,21.4545454545455,11.0,0.0,10. Outubro
2022-10-18,Tuesday,,False,24.4,16.8,19.58,91.0,60.0,82.5,76.0,2767.5,1173.6,13.4,3.69,0.0,0.0%,0.0%,45.83%,0.0%,0.0%,767.0,28.4074074074074,27.0,0.0,11. NOVEMBRO
2022-10-19,Wednesday,,False,27.1,16.5,20.82,100.0,54.0,84.5,2.3,3392.1,1440.35,8.0,2.16,0.0,0.0%,0.0%,41.67%,0.0%,0.0%,1257.0,30.6585365853659,41.0,0.0,11. NOVEMBRO
2022-10-19,Wednesday,,False,27.1,16.5,20.82,100.0,54.0,84.5,2.3,3392.1,1440.35,8.0,2.16,0.0,0.0%,0.0%,41.67%,0.0%,0.0%,506.0,36.1428571428571,14.0,0.0,10. Outubro
2022-10-20,Thursday,,False,25.1,17.0,19.92,100.0,68.0,90.0,3.6,1904.4,544.65,8.5,2.15,3.0,0.0%,0.0%,41.67%,0.0%,0.0%,214.0,15.2857142857143,14.0,8.55,10. Outubro
2022-10-20,Thursday,,False,25.1,17.0,19.92,100.0,68.0,90.0,3.6,1904.4,544.65,8.5,2.15,3.0,0.0%,0.0%,41.67%,0.0%,0.0%,2106.0,33.9677419354839,62.0,-14.0,11. NOVEMBRO
2022-10-21,Friday,,False,26.4,18.3,20.8,100.0,52.0,85.0,0.0,3399.3,1002.5,10.8,2.17,0.4,0.0%,0.0%,37.5%,0.0%,0.0%,271.0,18.0666666666667,15.0,1.5,10. Outubro
2022-10-21,Friday,,False,26.4,18.3,20.8,100.0,52.0,85.0,0.0,3399.3,1002.5,10.8,2.17,0.4,0.0%,0.0%,37.5%,0.0%,0.0%,414.0,18.8181818181818,22.0,0.0,11. NOVEMBRO
2022-10-22,Saturday,,False,24.2,15.2,18.77,100.0,49.0,87.0,2.6,2942.9,917.4,6.9,1.78,0.0,4.17%,4.17%,41.67%,4.17%,4.17%,1118.0,33.8787878787879,33.0,27.0,10. Outubro
2022-10-22,Saturday,,False,24.2,15.2,18.77,100.0,49.0,87.0,2.6,2942.9,917.4,6.9,1.78,0.0,4.17%,4.17%,41.67%,4.17%,4.17%,290.0,20.7142857142857,14.0,0.0,11. NOVEMBRO
2022-10-23,Sunday,,False,24.8,14.2,18.17,100.0,31.0,79.0,4.1,3508.7,1789.7,7.7,1.4,0.0,0.0%,0.0%,41.67%,0.0%,0.0%,2106.5,35.7033898305085,59.0,-10.5,10. Outubro
2022-10-23,Sunday,,False,24.8,14.2,18.17,100.0,31.0,79.0,4.1,3508.7,1789.7,7.7,1.4,0.0,0.0%,0.0%,41.67%,0.0%,0.0%,759.0,27.1071428571429,28.0,-1.0,11. NOVEMBRO
2022-10-24,Monday,,False,25.4,10.0,18.0,100.0,43.0,72.5,4.2,3668.3,2052.35,10.8,2.29,0.0,0.0%,0.0%,41.67%,0.0%,0.0%,562.0,23.4166666666667,24.0,0.0,10. Outubro
2022-10-24,Monday,,False,25.4,10.0,18.0,100.0,43.0,72.5,4.2,3668.3,2052.35,10.8,2.29,0.0,0.0%,0.0%,41.67%,0.0%,0.0%,682.0,26.2307692307692,26.0,-1.0,11. NOVEMBRO
2022-10-25,Tuesday,,False,28.6,13.5,20.3,100.0,41.0,72.5,6.1,3637.9,2121.6,8.3,2.5,0.0,0.0%,0.0%,41.67%,0.0%,0.0%,585.0,30.7894736842105,19.0,0.0,11. NOVEMBRO
2022-10-25,Tuesday,,False,28.6,13.5,20.3,100.0,41.0,72.5,6.1,3637.9,2121.6,8.3,2.5,0.0,0.0%,0.0%,41.67%,0.0%,0.0%,621.0,21.4137931034483,29.0,10.0,10. Outubro
2022-10-26,Wednesday,,False,33.3,15.4,21.48,100.0,32.0,84.5,1.6,2671.2,849.6,14.2,2.68,15.0,0.0%,0.0%,41.67%,0.0%,0.0%,322.0,21.4666666666667,15.0,0.0,10. Outubro
2022-10-26,Wednesday,,False,33.3,15.4,21.48,100.0,32.0,84.5,1.6,2671.2,849.6,14.2,2.68,15.0,0.0%,0.0%,41.67%,0.0%,0.0%,477.0,21.6818181818182,22.0,4.0,11. NOVEMBRO
2022-10-27,Thursday,,False,27.9,17.5,22.2,100.0,31.0,69.5,2.0,3607.3,2011.7,9.8,2.0,0.0,0.0%,0.0%,37.5%,0.0%,0.0%,713.5,25.4821428571429,28.0,56.0,10. Outubro
2022-10-27,Thursday,,False,27.9,17.5,22.2,100.0,31.0,69.5,2.0,3607.3,2011.7,9.8,2.0,0.0,0.0%,0.0%,37.5%,0.0%,0.0%,1853.0,33.0892857142857,56.0,3.0,11. NOVEMBRO
2022-10-28,Friday,,False,30.3,10.2,19.96,100.0,31.0,69.0,8.5,3694.0,2272.15,6.0,0.97,0.0,0.0%,0.0%,41.67%,0.0%,0.0%,825.0,20.625,40.0,1.75,10. Outubro
2022-10-28,Friday,,False,30.3,10.2,19.96,100.0,31.0,69.0,8.5,3694.0,2272.15,6.0,0.97,0.0,0.0%,0.0%,41.67%,0.0%,0.0%,551.0,26.2380952380952,21.0,4.0,11. NOVEMBRO
2022-10-29,Saturday,,False,32.4,14.5,22.89,100.0,43.0,70.5,9.7,2700.9,1594.7,11.5,2.19,0.0,0.0%,0.0%,41.67%,0.0%,0.0%,617.0,26.8260869565217,23.0,28.0,10. Outubro
2022-10-29,Saturday,,False,32.4,14.5,22.89,100.0,43.0,70.5,9.7,2700.9,1594.7,11.5,2.19,0.0,0.0%,0.0%,41.67%,0.0%,0.0%,582.0,30.6315789473684,19.0,5.0,11. NOVEMBRO
2022-10-30,Sunday,,False,32.3,20.9,25.96,96.0,42.0,61.0,3.7,2898.3,1160.45,13.9,2.69,2.2,0.0%,4.17%,41.67%,0.0%,0.0%,2416.0,36.0597014925373,67.0,0.0,10. Outubro
2022-10-30,Sunday,,False,32.3,20.9,25.96,96.0,42.0,61.0,3.7,2898.3,1160.45,13.9,2.69,2.2,0.0%,4.17%,41.67%,0.0%,0.0%,612.0,25.5,24.0,66.0,11. NOVEMBRO
2022-10-31,Monday,Reforma Luterana,True,22.4,9.7,13.42,100.0,76.0,98.0,0.1,544.5,283.05,12.0,2.72,19.8,0.0%,0.0%,25.0%,0.0%,0.0%,,#DIV/0!,,,11. NOVEMBRO
2022-10-31,Monday,Reforma Luterana,True,22.4,9.7,13.42,100.0,76.0,98.0,0.1,544.5,283.05,12.0,2.72,19.8,0.0%,0.0%,25.0%,0.0%,0.0%,84.0,28.0,3.0,0.0,10. Outubro
2022-11-01,Tuesday,,False,18.2,6.0,11.93,100.0,36.0,66.5,12.3,3784.3,2316.35,7.6,2.02,0.2,0.0%,0.0%,41.67%,0.0%,0.0%,,,,,
2022-11-02,Wednesday,Finados,True,21.2,5.1,13.16,100.0,32.0,68.0,12.5,3604.3,2378.35,8.0,1.35,0.0,0.0%,0.0%,41.67%,0.0%,0.0%,,,,,
2022-11-03,Thursday,,False,24.6,6.7,15.75,100.0,25.0,67.5,13.4,3623.3,2365.45,7.5,1.47,0.0,0.0%,0.0%,41.67%,0.0%,0.0%,,,,,
2022-11-04,Friday,,False,23.1,12.5,17.41,86.0,39.0,66.0,12.8,3484.9,2155.15,10.6,2.94,0.0,0.0%,0.0%,41.67%,0.0%,0.0%,,,,,
2022-11-05,Saturday,,False,24.9,11.3,18.18,100.0,34.0,63.0,16.4,3617.9,2314.95,11.4,3.03,0.0,0.0%,0.0%,41.67%,0.0%,0.0%,,,,,
2022-11-06,Sunday,,False,25.4,13.6,19.22,99.0,36.0,65.5,17.3,3590.4,2299.85,11.3,3.84,0.0,0.0%,0.0%,41.67%,0.0%,0.0%,,,,,
2022-11-07,Monday,,False,24.4,13.3,18.33,100.0,39.0,67.0,15.9,3201.3,1887.35,10.6,3.33,0.0,0.0%,0.0%,41.67%,0.0%,0.0%,,,,,
2022-11-08,Tuesday,,False,24.9,13.7,18.43,95.0,43.0,72.0,15.5,3269.5,1870.0,10.6,2.94,0.0,4.17%,4.17%,45.83%,4.17%,4.17%,,,,,
2022-11-09,Wednesday,,False,25.5,13.0,19.2,100.0,43.0,67.0,19.7,3619.9,2367.75,11.0,3.0,0.2,0.0%,0.0%,41.67%,0.0%,0.0%,,,,,
2022-11-10,Thursday,,False,29.1,13.6,20.76,100.0,29.0,68.5,23.6,3361.2,1960.9,8.5,2.47,0.0,0.0%,0.0%,41.67%,0.0%,0.0%,,,,,
2022-11-11,Friday,,False,24.3,16.9,19.98,99.0,50.0,81.5,48.1,1749.6,519.6,10.1,2.52,0.4,0.0%,0.0%,45.83%,0.0%,0.0%,,,,,
2022-11-12,Saturday,,False,30.6,16.2,22.91,100.0,48.0,76.0,14.0,3182.9,1433.2,10.3,1.75,0.0,0.0%,0.0%,41.67%,0.0%,0.0%,,,,,
2022-11-13,Sunday,,False,24.4,17.9,20.63,100.0,65.0,98.0,1.3,626.4,343.7,9.0,1.49,19.4,8.33%,8.33%,37.5%,8.33%,8.33%,,,,,
2022-11-14,Monday,,False,26.2,15.2,20.47,100.0,41.0,88.0,0.0,3412.0,889.15,13.0,2.05,13.2,4.17%,4.17%,33.33%,4.17%,4.17%,,,,,
2022-11-15,Tuesday,Proclamação da República,True,28.5,16.8,22.82,89.0,29.0,48.0,21.8,3417.2,2395.5,8.7,1.61,0.0,12.5%,12.5%,41.67%,12.5%,12.5%,,,,,
2022-11-16,Wednesday,,False,30.8,12.7,22.3,100.0,27.0,50.0,24.0,3635.0,2418.55,6.2,1.06,0.0,4.17%,4.17%,41.67%,4.17%,4.17%,,,,,
2022-11-17,Thursday,,False,31.7,13.8,23.44,100.0,24.0,47.0,0.1,3751.1,1997.5,8.8,1.78,0.0,0.0%,0.0%,37.5%,0.0%,0.0%,,,,,
2022-11-18,Friday,,False,33.1,13.5,24.21,89.0,23.0,48.0,0.6,3732.9,2142.5,8.0,2.22,0.0,0.0%,0.0%,37.5%,0.0%,0.0%,,,,,
2022-11-19,Saturday,,False,34.5,17.1,25.81,89.0,22.0,47.0,0.1,3682.1,2119.4,8.5,2.43,0.0,0.0%,0.0%,37.5%,0.0%,0.0%,,,,,
2022-11-20,Sunday,Dia da Consciência Negra,True,34.9,18.1,26.96,92.0,30.0,48.0,31.2,3300.2,2032.85,7.4,2.11,0.0,0.0%,0.0%,41.67%,0.0%,0.0%,,,,,
2022-11-21,Monday,,False,29.0,20.7,23.94,89.0,45.0,73.0,7.9,2025.6,879.25,10.2,1.52,0.0,4.17%,4.17%,41.67%,4.17%,4.17%,,,,,
2022-11-22,Tuesday,,False,25.5,19.3,21.27,100.0,59.0,95.5,3.0,1500.1,833.1,7.0,1.26,9.0,0.0%,0.0%,37.5%,0.0%,0.0%,,,,,
2022-11-23,Wednesday,,False,27.1,14.8,20.84,100.0,37.0,65.0,3.2,3417.8,2171.1,7.3,1.57,0.0,12.5%,12.5%,37.5%,12.5%,12.5%,,,,,
2022-11-24,Thursday,,False,30.2,12.4,21.22,100.0,31.0,74.0,4.2,3784.3,2150.4,8.7,1.53,0.0,4.17%,4.17%,37.5%,4.17%,4.17%,,,,,
2022-11-25,Friday,,False,30.8,14.5,23.29,100.0,29.0,62.0,5.2,3792.9,2169.5,10.9,2.36,0.0,0.0%,0.0%,37.5%,0.0%,0.0%,,,,,
2022-11-26,Saturday,,False,29.4,17.1,23.07,96.0,37.0,62.0,9.1,3627.9,2030.9,12.6,3.44,0.0,4.17%,4.17%,37.5%,4.17%,4.17%,,,,,
2022-11-27,Sunday,,False,30.7,19.8,24.43,95.0,47.0,69.5,9.5,3091.4,1710.9,12.7,3.62,0.0,0.0%,0.0%,37.5%,0.0%,0.0%,,,,,
2022-11-28,Monday,,False,29.9,17.9,23.79,100.0,40.0,69.0,10.2,3747.2,2188.0,12.9,3.85,0.0,0.0%,0.0%,37.5%,0.0%,0.0%,,,,,
2022-11-29,Tuesday,Black Friday,True,31.1,18.7,24.36,97.0,46.0,71.0,11.9,3703.3,2127.9,13.1,3.35,0.0,0.0%,0.0%,37.5%,0.0%,0.0%,,,,,
2022-11-30,Wednesday,,False,33.0,19.0,25.46,100.0,40.0,71.0,15.0,3687.6,2137.2,10.7,3.01,0.0,0.0%,0.0%,37.5%,0.0%,0.0%,,,,,
2022-12-01,Thursday,,False,34.3,19.8,26.59,100.0,30.0,69.0,7.4,3503.9,2025.7,9.0,1.59,0.0,0.0%,0.0%,37.5%,0.0%,0.0%,684.0,26.3076923076923,26.0,0.0,12. DEZEMBRO
2022-12-02,Friday,,False,34.9,19.5,25.25,100.0,38.0,77.5,32.7,3213.1,1131.4,13.3,1.24,0.6,0.0%,0.0%,41.67%,0.0%,0.0%,373.0,31.0833333333333,12.0,2.0,12. DEZEMBRO
2022-12-03,Saturday,,False,32.1,21.6,25.35,100.0,50.0,85.5,13.8,3669.8,602.7,7.5,1.64,1.0,0.0%,0.0%,37.5%,0.0%,0.0%,859.0,107.375,8.0,24.0,12. DEZEMBRO
2022-12-04,Sunday,,False,29.7,20.2,23.3,100.0,65.0,96.0,8.8,2314.9,367.1,10.0,1.77,23.0,4.17%,4.17%,37.5%,4.17%,4.17%,1266.0,36.1714285714286,35.0,0.0,12. DEZEMBRO
2022-12-05,Monday,,False,30.1,19.4,24.04,100.0,55.0,90.0,15.9,3357.1,1407.5,9.1,1.95,0.0,0.0%,0.0%,37.5%,0.0%,0.0%,782.0,27.9285714285714,28.0,-15.0,12. DEZEMBRO
2022-12-06,Tuesday,,False,31.9,19.6,25.31,100.0,49.0,75.0,15.5,3724.7,2087.4,8.6,2.5,0.0,0.0%,0.0%,37.5%,0.0%,0.0%,448.0,20.3636363636364,22.0,0.0,12. DEZEMBRO
2022-12-07,Wednesday,,False,31.3,20.2,25.17,100.0,42.0,75.5,15.0,3805.2,2123.8,8.5,2.56,0.0,0.0%,0.0%,37.5%,0.0%,0.0%,828.0,36,23.0,8.0,12. DEZEMBRO
2022-12-08,Thursday,Dia da Imaculada Conceição,True,35.6,18.5,25.69,99.0,32.0,72.5,14.3,3677.3,2008.3,8.0,2.15,0.0,0.0%,0.0%,37.5%,0.0%,0.0%,1527.0,32.4893617021277,47.0,0.0,12. DEZEMBRO
2022-12-09,Friday,,False,36.7,17.4,26.88,100.0,18.0,64.5,14.2,3778.2,2167.4,7.1,1.61,0.0,0.0%,0.0%,37.5%,0.0%,0.0%,555.0,26.4285714285714,21.0,0.0,12. DEZEMBRO
2022-12-10,Saturday,,False,33.9,19.7,26.69,99.0,27.0,60.0,19.7,2969.1,1659.2,7.0,1.54,0.0,0.0%,0.0%,37.5%,0.0%,0.0%,894.0,27.9375,32.0,0.0,12. DEZEMBRO
2022-12-11,Sunday,Aniversário de Silveira Martins,True,35.7,21.4,27.51,95.0,25.0,56.0,17.6,3671.4,2132.2,6.4,1.85,0.0,0.0%,0.0%,37.5%,0.0%,0.0%,1615.0,35.1086956521739,46.0,0.0,12. DEZEMBRO
2022-12-12,Monday,,False,36.3,20.2,27.59,87.0,25.0,62.0,4.1,3457.6,1991.0,12.3,2.03,0.0,0.0%,0.0%,37.5%,0.0%,0.0%,686.0,28.5833333333333,24.0,3.0,12. DEZEMBRO
2022-12-13,Tuesday,,False,28.2,13.5,22.34,88.0,23.0,56.5,21.2,3908.1,2251.2,11.6,2.36,0.4,0.0%,0.0%,37.5%,0.0%,0.0%,367.0,26.2142857142857,14.0,0.0,12. DEZEMBRO
2022-12-14,Wednesday,,False,30.1,14.5,22.57,88.0,25.0,52.5,22.3,3868.3,2254.0,8.4,2.12,0.0,0.0%,0.0%,37.5%,0.0%,0.0%,395.0,24.6875,16.0,-100.0,12. DEZEMBRO
2022-12-15,Thursday,,False,32.9,14.4,24.03,95.0,27.0,54.0,22.2,3422.6,1886.6,8.1,1.77,0.0,0.0%,0.0%,37.5%,0.0%,0.0%,390.0,32.5,12.0,0.0,12. DEZEMBRO
2022-12-16,Friday,,False,28.0,17.3,22.7,86.0,29.0,57.0,28.3,3505.0,1932.6,9.5,3.31,0.0,0.0%,0.0%,37.5%,0.0%,0.0%,363.0,24.2,15.0,-5.0,12. DEZEMBRO
2022-12-17,Saturday,,False,27.7,14.2,21.27,92.0,30.0,56.0,24.1,3828.4,2094.6,11.2,3.04,0.0,4.17%,4.17%,37.5%,4.17%,4.17%,496.0,27.5555555555556,18.0,-8.0,12. DEZEMBRO
2022-12-18,Sunday,,False,27.1,17.2,21.53,95.0,51.0,72.0,34.4,3793.5,1521.65,11.7,3.82,1.0,4.17%,4.17%,41.67%,4.17%,4.17%,1136.0,35.5,32.0,15.0,12. DEZEMBRO
2022-12-19,Monday,,False,27.4,18.3,21.94,92.0,55.0,78.0,19.6,3128.0,1855.9,9.9,3.25,0.0,0.0%,0.0%,37.5%,0.0%,0.0%,246.0,20.5,12.0,0.0,12. DEZEMBRO
2022-12-20,Tuesday,,False,31.3,18.8,24.11,90.0,37.0,75.0,17.6,3810.0,2243.4,12.8,2.72,0.0,0.0%,0.0%,37.5%,0.0%,0.0%,374.0,20.7777777777778,18.0,0.0,12. DEZEMBRO
2022-12-21,Wednesday,,False,30.7,18.2,24.11,96.0,40.0,70.0,25.0,3779.9,2222.6,10.6,3.24,0.0,0.0%,0.0%,37.5%,0.0%,0.0%,324.0,23.1428571428571,14.0,12.0,12. DEZEMBRO
2022-12-22,Thursday,,False,32.4,17.5,24.42,96.0,38.0,63.0,25.2,3765.5,2069.3,10.5,3.12,0.0,0.0%,0.0%,37.5%,0.0%,0.0%,476.0,26.4444444444444,18.0,58.0,12. DEZEMBRO
2022-12-23,Friday,,False,34.7,17.6,25.13,89.0,31.0,60.5,18.5,3621.0,1284.1,11.8,2.69,0.6,0.0%,0.0%,37.5%,0.0%,0.0%,878.0,36.5833333333333,24.0,,12. DEZEMBRO
2022-12-24,Saturday,,False,36.0,18.3,25.9,97.0,27.0,67.0,20.5,3616.4,1395.6,10.2,2.04,5.0,0.0%,0.0%,37.5%,0.0%,0.0%,273.0,30.3333333333333,9.0,,12. DEZEMBRO
2022-12-25,Sunday,Natal,True,29.5,21.0,24.9,99.0,45.0,72.0,0.5,3060.2,1277.7,9.3,1.96,0.0,0.0%,0.0%,33.33%,0.0%,0.0%,0.0,#DIV/0!,0.0,0.0,12. DEZEMBRO
2022-12-26,Monday,,False,27.4,18.7,22.52,97.0,59.0,78.0,13.6,2367.5,707.8,8.6,2.21,0.0,0.0%,0.0%,37.5%,0.0%,0.0%,82.0,16.4,5.0,0.0,12. DEZEMBRO
2022-12-27,Tuesday,,False,25.9,15.8,20.85,98.0,55.0,83.5,21.7,2335.7,1004.2,8.0,1.98,0.6,0.0%,0.0%,37.5%,0.0%,0.0%,268.0,24.3636363636364,11.0,0.0,12. DEZEMBRO
2022-12-28,Wednesday,,False,30.2,16.0,21.91,100.0,34.0,75.0,0.0,3754.8,1863.1,8.3,2.0,20.8,0.0%,4.17%,29.17%,0.0%,0.0%,409.0,24.0588235294118,17.0,0.0,12. DEZEMBRO
2022-12-29,Thursday,,False,31.1,17.5,23.57,100.0,18.0,64.0,16.1,3738.1,2345.8,7.8,1.56,0.0,0.0%,0.0%,37.5%,0.0%,0.0%,318.0,28.9090909090909,11.0,,12. DEZEMBRO
2022-12-30,Friday,,False,33.8,15.7,24.63,100.0,25.0,59.5,17.6,3619.8,2294.3,6.4,1.39,0.0,8.33%,8.33%,37.5%,8.33%,8.33%,433.0,28.8666666666667,15.0,,12. DEZEMBRO
2022-12-31,Saturday,,False,36.3,17.0,27.41,94.0,24.0,49.5,16.7,3729.1,2260.1,6.7,1.5,0.0,8.33%,8.33%,37.5%,8.33%,8.33%,961.0,35.5925925925926,27.0,,12. DEZEMBRO
